Log file open, 09/05/26 14:41:46
LogInit: Display: Loading text-based GConfig....
LogPluginManager: Mounting plugin MegascansPlugin
LogPluginManager: Mounting plugin MeshPainting
LogPluginManager: Mounting plugin XGEController
LogPluginManager: Mounting plugin Paper2D
LogPluginManager: Mounting plugin LightPropagationVolume
LogPluginManager: Mounting plugin EnvironmentQueryEditor
LogPluginManager: Mounting plugin AISupport
LogPluginManager: Mounting plugin CameraShakePreviewer
LogPluginManager: Mounting plugin DatasmithContent
LogPluginManager: Mounting plugin AnimationSharing
LogPluginManager: Mounting plugin GameplayCameras
LogPluginManager: Mounting plugin VariantManagerContent
LogPluginManager: Mounting plugin CodeLiteSourceCodeAccess
LogPluginManager: Mounting plugin CLionSourceCodeAccess
LogPluginManager: Mounting plugin KDevelopSourceCodeAccess
LogPluginManager: Mounting plugin NullSourceCodeAccess
LogPluginManager: Mounting plugin GitSourceControl
LogPluginManager: Mounting plugin PixWinPlugin
LogPluginManager: Mounting plugin PluginUtils
LogPluginManager: Mounting plugin PerforceSourceControl
LogPluginManager: Mounting plugin PropertyAccessNode
LogPluginManager: Mounting plugin PlasticSourceControl
LogPluginManager: Mounting plugin SubversionSourceControl
LogPluginManager: Mounting plugin RiderSourceCodeAccess
LogPluginManager: Mounting plugin OodleData
LogPluginManager: Mounting plugin TextureFormatOodle
LogPluginManager: Mounting plugin OodleNetwork
LogPluginManager: Mounting plugin VisualStudioSourceCodeAccess
LogPluginManager: Mounting plugin UObjectPlugin
LogPluginManager: Mounting plugin VisualStudioCodeSourceCodeAccess
LogPluginManager: Mounting plugin XCodeSourceCodeAccess
LogPluginManager: Mounting plugin Niagara
LogPluginManager: Mounting plugin LuminPlatformFeatures
LogPluginManager: Mounting plugin MagicLeap
LogPluginManager: Mounting plugin MagicLeapLightEstimation
LogPluginManager: Mounting plugin MagicLeapMedia
LogPluginManager: Mounting plugin MLSDK
LogPluginManager: Mounting plugin AssetManagerEditor
LogPluginManager: Mounting plugin CryptoKeys
LogPluginManager: Mounting plugin MagicLeapPassableWorld
LogPluginManager: Mounting plugin DataValidation
LogPluginManager: Mounting plugin CurveEditorTools
LogPluginManager: Mounting plugin EditorScriptingUtilities
LogPluginManager: Mounting plugin GeometryMode
LogPluginManager: Mounting plugin GameplayTagsEditor
LogPluginManager: Mounting plugin FacialAnimation
LogPluginManager: Mounting plugin MaterialAnalyzer
LogPluginManager: Mounting plugin PluginBrowser
LogPluginManager: Mounting plugin MobileLauncherProfileWizard
LogPluginManager: Mounting plugin MacGraphicsSwitching
LogPluginManager: Mounting plugin SpeedTreeImporter
LogPluginManager: Mounting plugin AlembicImporter
LogPluginManager: Mounting plugin AutomationUtils
LogPluginManager: Mounting plugin BackChannel
LogPluginManager: Mounting plugin ChaosEditor
LogPluginManager: Mounting plugin ChaosCloth
LogPluginManager: Mounting plugin ChaosNiagara
LogPluginManager: Mounting plugin ChaosSolverPlugin
LogPluginManager: Mounting plugin CharacterAI
LogPluginManager: Mounting plugin ChaosClothEditor
LogPluginManager: Mounting plugin AndroidMedia
LogPluginManager: Mounting plugin AvfMedia
LogPluginManager: Mounting plugin MediaCompositing
LogPluginManager: Mounting plugin TcpMessaging
LogPluginManager: Mounting plugin ImgMedia
LogPluginManager: Mounting plugin MediaPlayerEditor
LogPluginManager: Mounting plugin WmfMedia
LogPluginManager: Mounting plugin UdpMessaging
LogPluginManager: Mounting plugin GeometryCollectionPlugin
LogPluginManager: Mounting plugin WebMMedia
LogPluginManager: Mounting plugin GeometryCache
LogPluginManager: Mounting plugin GeometryProcessing
LogPluginManager: Mounting plugin OpenImageDenoise
LogPluginManager: Mounting plugin PlanarCut
LogPluginManager: Mounting plugin MotoSynth
LogPluginManager: Mounting plugin PlatformCrypto
LogPluginManager: Mounting plugin ProxyLODPlugin
LogPluginManager: Mounting plugin PythonScriptPlugin
LogPluginManager: Mounting plugin LauncherChunkInstaller
LogPluginManager: Mounting plugin MatineeToLevelSequence
LogPluginManager: Mounting plugin ActorSequence
LogPluginManager: Mounting plugin LevelSequenceEditor
LogPluginManager: Mounting plugin SkeletalReduction
LogPluginManager: Mounting plugin TemplateSequence
LogPluginManager: Mounting plugin AndroidDeviceProfileSelector
LogPluginManager: Mounting plugin AndroidMoviePlayer
LogPluginManager: Mounting plugin AndroidPermission
LogPluginManager: Mounting plugin ApexDestruction
LogPluginManager: Mounting plugin AppleMoviePlayer
LogPluginManager: Mounting plugin ArchVisCharacter
LogPluginManager: Mounting plugin AppleImageUtils
LogPluginManager: Mounting plugin AssetTags
LogPluginManager: Mounting plugin ActorLayerUtilities
LogPluginManager: Mounting plugin AudioSynesthesia
LogPluginManager: Mounting plugin AudioCapture
LogPluginManager: Mounting plugin CustomMeshComponent
LogPluginManager: Mounting plugin CableComponent
LogPluginManager: Mounting plugin ChunkDownloader
LogPluginManager: Mounting plugin ExampleDeviceProfileSelector
LogPluginManager: Mounting plugin EditableMesh
LogPluginManager: Mounting plugin GooglePAD
LogPluginManager: Mounting plugin GoogleCloudMessaging
LogPluginManager: Mounting plugin IOSDeviceProfileSelector
LogPluginManager: Mounting plugin LinuxDeviceProfileSelector
LogPluginManager: Mounting plugin LocationServicesBPLibrary
LogPluginManager: Mounting plugin MobilePatchingUtils
LogPluginManager: Mounting plugin PhysXVehicles
LogPluginManager: Mounting plugin PropertyAccessEditor
LogPluginManager: Mounting plugin PostSplashScreen
LogPluginManager: Mounting plugin ProceduralMeshComponent
LogPluginManager: Mounting plugin RuntimePhysXCooking
LogPluginManager: Mounting plugin SignificanceManager
LogPluginManager: Mounting plugin SoundFields
LogPluginManager: Mounting plugin Synthesis
LogPluginManager: Mounting plugin WebMMoviePlayer
LogPluginManager: Mounting plugin WindowsMoviePlayer
LogPluginManager: Mounting plugin ScreenshotTools
LogPluginManager: Mounting plugin OnlineSubsystemNull
LogPluginManager: Mounting plugin OnlineSubsystem
LogPluginManager: Mounting plugin OnlineSubsystemUtils
LogPluginManager: Mounting plugin ContentBrowserFileDataSource
LogPluginManager: Mounting plugin ContentBrowserClassDataSource
LogPluginManager: Mounting plugin ContentBrowserAssetDataSource
LogPluginManager: Mounting plugin DatabaseSupport
LogPluginManager: Mounting plugin SQLiteCore
LogPluginManager: Mounting plugin SQLiteSupport
LogPluginManager: Mounting plugin OnlineSubsystemGooglePlay
LogPluginManager: Mounting plugin OnlineSubsystemIOS
LogPluginManager: Mounting plugin MMAEditorTools
LogPluginManager: Mounting plugin SM64Runtime
LogPluginManager: Mounting plugin PS1IsoGate
PixWinPlugin: PIX capture plugin failed to initialize! Check that the process is launched from PIX.
LogSsl: Warning: Unable to open ROOT certificate store. Platform provided certificates will not be used
LogInit: Using libcurl 7.55.1-DEV
LogInit:  - built for x86_64-pc-win32
LogInit:  - supports SSL with OpenSSL/1.1.1
LogInit:  - supports HTTP deflate (compression) using libz 1.2.8
LogInit:  - other features:
LogInit:      CURL_VERSION_SSL
LogInit:      CURL_VERSION_LIBZ
LogInit:      CURL_VERSION_IPV6
LogInit:      CURL_VERSION_ASYNCHDNS
LogInit:      CURL_VERSION_LARGEFILE
LogInit:      CURL_VERSION_IDN
LogInit:  CurlRequestOptions (configurable via config and command line):
LogInit:  - bVerifyPeer = true  - Libcurl will verify peer certificate
LogInit:  - bUseHttpProxy = false  - Libcurl will NOT use HTTP proxy
LogInit:  - bDontReuseConnections = false  - Libcurl will reuse connections
LogInit:  - MaxHostConnections = 16  - Libcurl will limit the number of connections to a host
LogInit:  - LocalHostAddr = Default
LogInit:  - BufferSize = 65536
LogOnline: OSS: Creating online subsystem instance for: NULL
LogInit: WinSock: version 1.1 (2.2), MaxSocks=32767, MaxUdp=65467
LogOnline: OSS: TryLoadSubsystemAndSetDefault: Loaded subsystem for module [NULL]
LogInit: Build: ++UE4+Release-4.27-CL-18319896
LogInit: Engine Version: 4.27.2-18319896+++UE4+Release-4.27
LogInit: Compatible Engine Version: 4.27.0-17155196+++UE4+Release-4.27
LogInit: Net CL: 17155196
LogInit: OS: Windows 10 (Release 2009) (), CPU: Intel(R) Core(TM) i5-14400F, GPU: NVIDIA GeForce GTX 1050
LogInit: Compiled (64-bit): Nov 30 2021 07:12:08
LogInit: Compiled with Visual C++: 19.24.28315.00
LogInit: Build Configuration: Development
LogInit: Branch Name: ++UE4+Release-4.27
LogInit: Command Line:  C:\Users\adace\Desktop\spyro-blowhards-revenge\Spyro_Bunnited.uproject -run=pythonscript -script=C:\Users\adace\Desktop\spyro-blowhards-revenge\Tools\MeshReview\audit_unreal.py -unattended -nop4 -nosplash -nullrhi -stdout -FullStdOutLogOutput -abslog=C:\Users\adace\Desktop\spyro-blowhards-revenge\Tools\MeshReview\ue_audit.log
LogInit: Base Directory: C:/Program Files/Epic Games/UE_4.27/Engine/Binaries/Win64/
LogInit: Allocator: TBB
LogInit: Installed Engine Build: 1
LogDevObjectVersion: Number of dev versions registered: 29
LogDevObjectVersion:   Dev-Blueprints (B0D832E4-1F89-4F0D-ACCF-7EB736FD4AA2): 10
LogDevObjectVersion:   Dev-Build (E1C64328-A22C-4D53-A36C-8E866417BD8C): 0
LogDevObjectVersion:   Dev-Core (375EC13C-06E4-48FB-B500-84F0262A717E): 4
LogDevObjectVersion:   Dev-Editor (E4B068ED-F494-42E9-A231-DA0B2E46BB41): 40
LogDevObjectVersion:   Dev-Framework (CFFC743F-43B0-4480-9391-14DF171D2073): 37
LogDevObjectVersion:   Dev-Mobile (B02B49B5-BB20-44E9-A304-32B752E40360): 3
LogDevObjectVersion:   Dev-Networking (A4E4105C-59A1-49B5-A7C5-40C4547EDFEE): 0
LogDevObjectVersion:   Dev-Online (39C831C9-5AE6-47DC-9A44-9C173E1C8E7C): 0
LogDevObjectVersion:   Dev-Physics (78F01B33-EBEA-4F98-B9B4-84EACCB95AA2): 14
LogDevObjectVersion:   Dev-Platform (6631380F-2D4D-43E0-8009-CF276956A95A): 0
LogDevObjectVersion:   Dev-Rendering (12F88B9F-8875-4AFC-A67C-D90C383ABD29): 45
LogDevObjectVersion:   Dev-Sequencer (7B5AE74C-D270-4C10-A958-57980B212A5A): 13
LogDevObjectVersion:   Dev-VR (D7296918-1DD6-4BDD-9DE2-64A83CC13884): 3
LogDevObjectVersion:   Dev-LoadTimes (C2A15278-BFE7-4AFE-6C17-90FF531DF755): 1
LogDevObjectVersion:   Private-Geometry (6EACA3D4-40EC-4CC1-B786-8BED09428FC5): 3
LogDevObjectVersion:   Dev-AnimPhys (29E575DD-E0A3-4627-9D10-D276232CDCEA): 17
LogDevObjectVersion:   Dev-Anim (AF43A65D-7FD3-4947-9873-3E8ED9C1BB05): 15
LogDevObjectVersion:   Dev-ReflectionCapture (6B266CEC-1EC7-4B8F-A30B-E4D90942FC07): 1
LogDevObjectVersion:   Dev-Automation (0DF73D61-A23F-47EA-B727-89E90C41499A): 1
LogDevObjectVersion:   FortniteMain (601D1886-AC64-4F84-AA16-D3DE0DEAC7D6): 47
LogDevObjectVersion:   FortniteRelease (E7086368-6B23-4C58-8439-1B7016265E91): 1
LogDevObjectVersion:   Dev-Enterprise (9DFFBCD6-494F-0158-E221-12823C92A888): 10
LogDevObjectVersion:   Dev-Niagara (F2AED0AC-9AFE-416F-8664-AA7FFA26D6FC): 1
LogDevObjectVersion:   Dev-Destruction (174F1F0B-B4C6-45A5-B13F-2EE8D0FB917D): 10
LogDevObjectVersion:   Dev-Physics-Ext (35F94A83-E258-406C-A318-09F59610247C): 41
LogDevObjectVersion:   Dev-PhysicsMaterial-Chaos (B68FC16E-8B1B-42E2-B453-215C058844FE): 1
LogDevObjectVersion:   Dev-CineCamera (B2E18506-4273-CFC2-A54E-F4BB758BBA07): 1
LogDevObjectVersion:   Dev-VirtualProduction (64F58936-FD1B-42BA-BA96-7289D5D0FA4E): 1
LogDevObjectVersion:   Dev-MediaFramework (6F0ED827-A609-4895-9C91-998D90180EA4): 2
LogInit: Presizing for max 25165824 objects, including 0 objects not considered by GC, pre-allocating 0 bytes for permanent pool.
LogConfig: Applying CVar settings from Section [/Script/Engine.StreamingSettings] File [C:/Users/adace/Desktop/spyro-blowhards-revenge/Saved/Config/Windows/Engine.ini]
LogConfig: Setting CVar [[s.MinBulkDataSizeForAsyncLoading:131072]]
LogConfig: Setting CVar [[s.AsyncLoadingThreadEnabled:0]]
LogConfig: Setting CVar [[s.EventDrivenLoaderEnabled:1]]
LogConfig: Setting CVar [[s.WarnIfTimeLimitExceeded:0]]
LogConfig: Setting CVar [[s.TimeLimitExceededMultiplier:1.5]]
LogConfig: Setting CVar [[s.TimeLimitExceededMinTime:0.005]]
LogConfig: Setting CVar [[s.UseBackgroundLevelStreaming:1]]
LogConfig: Setting CVar [[s.PriorityAsyncLoadingExtraTime:15.0]]
LogConfig: Setting CVar [[s.LevelStreamingActorsUpdateTimeLimit:5.0]]
LogConfig: Setting CVar [[s.PriorityLevelStreamingActorsUpdateExtraTime:5.0]]
LogConfig: Setting CVar [[s.LevelStreamingComponentsRegistrationGranularity:10]]
LogConfig: Setting CVar [[s.UnregisterComponentsTimeLimit:1.0]]
LogConfig: Setting CVar [[s.LevelStreamingComponentsUnregistrationGranularity:5]]
LogConfig: Setting CVar [[s.FlushStreamingOnExit:1]]
LogInit: Object subsystem initialized
LogConfig: Setting CVar [[con.DebugEarlyDefault:1]]
LogConfig: Setting CVar [[r.setres:1280x720]]
[2026.09.05-05.11.47:018][  0]LogConfig: Setting CVar [[con.DebugEarlyDefault:1]]
[2026.09.05-05.11.47:018][  0]LogConfig: Setting CVar [[r.setres:1280x720]]
[2026.09.05-05.11.47:018][  0]LogConfig: Applying CVar settings from Section [/Script/Engine.RendererSettings] File [C:/Users/adace/Desktop/spyro-blowhards-revenge/Saved/Config/Windows/Engine.ini]
[2026.09.05-05.11.47:018][  0]LogConfig: Setting CVar [[r.GPUCrashDebugging:0]]
[2026.09.05-05.11.47:018][  0]LogConfig: Setting CVar [[r.DefaultFeature.MotionBlur:0]]
[2026.09.05-05.11.47:018][  0]LogConfig: Setting CVar [[r.CustomDepth:3]]
[2026.09.05-05.11.47:018][  0]LogConfig: Setting CVar [[r.DefaultFeature.AntiAliasing:0]]
[2026.09.05-05.11.47:018][  0]LogConfig: Setting CVar [[r.GenerateMeshDistanceFields:1]]
[2026.09.05-05.11.47:018][  0]LogConfig: Setting CVar [[r.DistanceFieldBuild.EightBit:1]]
[2026.09.05-05.11.47:018][  0]LogConfig: Applying CVar settings from Section [/Script/Engine.RendererOverrideSettings] File [C:/Users/adace/Desktop/spyro-blowhards-revenge/Saved/Config/Windows/Engine.ini]
[2026.09.05-05.11.47:018][  0]LogConfig: Applying CVar settings from Section [/Script/Engine.StreamingSettings] File [C:/Users/adace/Desktop/spyro-blowhards-revenge/Saved/Config/Windows/Engine.ini]
[2026.09.05-05.11.47:018][  0]LogConfig: Setting CVar [[s.MinBulkDataSizeForAsyncLoading:131072]]
[2026.09.05-05.11.47:018][  0]LogConfig: Setting CVar [[s.AsyncLoadingThreadEnabled:0]]
[2026.09.05-05.11.47:018][  0]LogConfig: Setting CVar [[s.EventDrivenLoaderEnabled:1]]
[2026.09.05-05.11.47:018][  0]LogConfig: Setting CVar [[s.WarnIfTimeLimitExceeded:0]]
[2026.09.05-05.11.47:018][  0]LogConfig: Setting CVar [[s.TimeLimitExceededMultiplier:1.5]]
[2026.09.05-05.11.47:018][  0]LogConfig: Setting CVar [[s.TimeLimitExceededMinTime:0.005]]
[2026.09.05-05.11.47:018][  0]LogConfig: Setting CVar [[s.UseBackgroundLevelStreaming:1]]
[2026.09.05-05.11.47:019][  0]LogConfig: Setting CVar [[s.PriorityAsyncLoadingExtraTime:15.0]]
[2026.09.05-05.11.47:019][  0]LogConfig: Setting CVar [[s.LevelStreamingActorsUpdateTimeLimit:5.0]]
[2026.09.05-05.11.47:019][  0]LogConfig: Setting CVar [[s.PriorityLevelStreamingActorsUpdateExtraTime:5.0]]
[2026.09.05-05.11.47:019][  0]LogConfig: Setting CVar [[s.LevelStreamingComponentsRegistrationGranularity:10]]
[2026.09.05-05.11.47:019][  0]LogConfig: Setting CVar [[s.UnregisterComponentsTimeLimit:1.0]]
[2026.09.05-05.11.47:019][  0]LogConfig: Setting CVar [[s.LevelStreamingComponentsUnregistrationGranularity:5]]
[2026.09.05-05.11.47:019][  0]LogConfig: Setting CVar [[s.FlushStreamingOnExit:1]]
[2026.09.05-05.11.47:019][  0]LogConfig: Applying CVar settings from Section [/Script/Engine.GarbageCollectionSettings] File [C:/Users/adace/Desktop/spyro-blowhards-revenge/Saved/Config/Windows/Engine.ini]
[2026.09.05-05.11.47:019][  0]LogConfig: Setting CVar [[gc.MaxObjectsNotConsideredByGC:1]]
[2026.09.05-05.11.47:019][  0]LogConfig: Setting CVar [[gc.SizeOfPermanentObjectPool:0]]
[2026.09.05-05.11.47:019][  0]LogConfig: Setting CVar [[gc.FlushStreamingOnGC:0]]
[2026.09.05-05.11.47:019][  0]LogConfig: Setting CVar [[gc.NumRetriesBeforeForcingGC:10]]
[2026.09.05-05.11.47:019][  0]LogConfig: Setting CVar [[gc.AllowParallelGC:1]]
[2026.09.05-05.11.47:019][  0]LogConfig: Setting CVar [[gc.TimeBetweenPurgingPendingKillObjects:61.1]]
[2026.09.05-05.11.47:019][  0]LogConfig: Setting CVar [[gc.MaxObjectsInEditor:25165824]]
[2026.09.05-05.11.47:019][  0]LogConfig: Setting CVar [[gc.IncrementalBeginDestroyEnabled:1]]
[2026.09.05-05.11.47:019][  0]LogConfig: Setting CVar [[gc.CreateGCClusters:1]]
[2026.09.05-05.11.47:019][  0]LogConfig: Setting CVar [[gc.MinGCClusterSize:5]]
[2026.09.05-05.11.47:019][  0]LogConfig: Setting CVar [[gc.ActorClusteringEnabled:0]]
[2026.09.05-05.11.47:019][  0]LogConfig: Setting CVar [[gc.BlueprintClusteringEnabled:0]]
[2026.09.05-05.11.47:019][  0]LogConfig: Setting CVar [[gc.UseDisregardForGCOnDedicatedServers:0]]
[2026.09.05-05.11.47:019][  0]LogConfig: Setting CVar [[gc.MultithreadedDestructionEnabled:1]]
[2026.09.05-05.11.47:019][  0]LogConfig: Applying CVar settings from Section [/Script/Engine.NetworkSettings] File [C:/Users/adace/Desktop/spyro-blowhards-revenge/Saved/Config/Windows/Engine.ini]
[2026.09.05-05.11.47:019][  0]LogConfig: Applying CVar settings from Section [/Script/UnrealEd.CookerSettings] File [C:/Users/adace/Desktop/spyro-blowhards-revenge/Saved/Config/Windows/Engine.ini]
[2026.09.05-05.11.47:019][  0]LogConfig: Applying CVar settings from Section [ViewDistanceQuality@3] File [C:/Users/adace/Desktop/spyro-blowhards-revenge/Saved/Config/Windows/Scalability.ini]
[2026.09.05-05.11.47:019][  0]LogConfig: Setting CVar [[r.SkeletalMeshLODBias:0]]
[2026.09.05-05.11.47:019][  0]LogConfig: Setting CVar [[r.ViewDistanceScale:1.0]]
[2026.09.05-05.11.47:019][  0]LogConfig: Applying CVar settings from Section [AntiAliasingQuality@3] File [C:/Users/adace/Desktop/spyro-blowhards-revenge/Saved/Config/Windows/Scalability.ini]
[2026.09.05-05.11.47:019][  0]LogConfig: Setting CVar [[r.PostProcessAAQuality:4]]
[2026.09.05-05.11.47:019][  0]LogConfig: Applying CVar settings from Section [ShadowQuality@3] File [C:/Users/adace/Desktop/spyro-blowhards-revenge/Saved/Config/Windows/Scalability.ini]
[2026.09.05-05.11.47:019][  0]LogConfig: Setting CVar [[r.LightFunctionQuality:1]]
[2026.09.05-05.11.47:019][  0]LogConfig: Setting CVar [[r.ShadowQuality:5]]
[2026.09.05-05.11.47:019][  0]LogConfig: Setting CVar [[r.Shadow.CSM.MaxCascades:10]]
[2026.09.05-05.11.47:019][  0]LogConfig: Setting CVar [[r.Shadow.MaxResolution:2048]]
[2026.09.05-05.11.47:019][  0]LogConfig: Setting CVar [[r.Shadow.MaxCSMResolution:2048]]
[2026.09.05-05.11.47:019][  0]LogConfig: Setting CVar [[r.Shadow.RadiusThreshold:0.01]]
[2026.09.05-05.11.47:019][  0]LogConfig: Setting CVar [[r.Shadow.DistanceScale:1.0]]
[2026.09.05-05.11.47:019][  0]LogConfig: Setting CVar [[r.Shadow.CSM.TransitionScale:1.0]]
[2026.09.05-05.11.47:019][  0]LogConfig: Setting CVar [[r.Shadow.PreShadowResolutionFactor:1.0]]
[2026.09.05-05.11.47:019][  0]LogConfig: Setting CVar [[r.DistanceFieldShadowing:1]]
[2026.09.05-05.11.47:019][  0]LogConfig: Setting CVar [[r.DistanceFieldAO:1]]
[2026.09.05-05.11.47:019][  0]LogConfig: Setting CVar [[r.AOQuality:2]]
[2026.09.05-05.11.47:019][  0]LogConfig: Setting CVar [[r.VolumetricFog:1]]
[2026.09.05-05.11.47:019][  0]LogConfig: Setting CVar [[r.VolumetricFog.GridPixelSize:8]]
[2026.09.05-05.11.47:019][  0]LogConfig: Setting CVar [[r.VolumetricFog.GridSizeZ:128]]
[2026.09.05-05.11.47:019][  0]LogConfig: Setting CVar [[r.VolumetricFog.HistoryMissSupersampleCount:4]]
[2026.09.05-05.11.47:019][  0]LogConfig: Setting CVar [[r.LightMaxDrawDistanceScale:1]]
[2026.09.05-05.11.47:019][  0]LogConfig: Setting CVar [[r.CapsuleShadows:1]]
[2026.09.05-05.11.47:019][  0]LogConfig: Applying CVar settings from Section [PostProcessQuality@3] File [C:/Users/adace/Desktop/spyro-blowhards-revenge/Saved/Config/Windows/Scalability.ini]
[2026.09.05-05.11.47:019][  0]LogConfig: Setting CVar [[r.MotionBlurQuality:4]]
[2026.09.05-05.11.47:019][  0]LogConfig: Setting CVar [[r.AmbientOcclusionMipLevelFactor:0.4]]
[2026.09.05-05.11.47:019][  0]LogConfig: Setting CVar [[r.AmbientOcclusionMaxQuality:100]]
[2026.09.05-05.11.47:019][  0]LogConfig: Setting CVar [[r.AmbientOcclusionLevels:-1]]
[2026.09.05-05.11.47:019][  0]LogConfig: Setting CVar [[r.AmbientOcclusionRadiusScale:1.0]]
[2026.09.05-05.11.47:019][  0]LogConfig: Setting CVar [[r.DepthOfFieldQuality:2]]
[2026.09.05-05.11.47:019][  0]LogConfig: Setting CVar [[r.RenderTargetPoolMin:400]]
[2026.09.05-05.11.47:019][  0]LogConfig: Setting CVar [[r.LensFlareQuality:2]]
[2026.09.05-05.11.47:019][  0]LogConfig: Setting CVar [[r.SceneColorFringeQuality:1]]
[2026.09.05-05.11.47:019][  0]LogConfig: Setting CVar [[r.EyeAdaptationQuality:2]]
[2026.09.05-05.11.47:019][  0]LogConfig: Setting CVar [[r.BloomQuality:5]]
[2026.09.05-05.11.47:019][  0]LogConfig: Setting CVar [[r.FastBlurThreshold:100]]
[2026.09.05-05.11.47:019][  0]LogConfig: Setting CVar [[r.Upscale.Quality:3]]
[2026.09.05-05.11.47:019][  0]LogConfig: Setting CVar [[r.Tonemapper.GrainQuantization:1]]
[2026.09.05-05.11.47:019][  0]LogConfig: Setting CVar [[r.LightShaftQuality:1]]
[2026.09.05-05.11.47:019][  0]LogConfig: Setting CVar [[r.Filter.SizeScale:1]]
[2026.09.05-05.11.47:019][  0]LogConfig: Setting CVar [[r.Tonemapper.Quality:5]]
[2026.09.05-05.11.47:019][  0]LogConfig: Setting CVar [[r.DOF.Gather.AccumulatorQuality:1        ; higher gathering accumulator quality]]
[2026.09.05-05.11.47:019][  0]LogConfig: Setting CVar [[r.DOF.Gather.PostfilterMethod:1          ; Median3x3 postfilering method]]
[2026.09.05-05.11.47:019][  0]LogConfig: Setting CVar [[r.DOF.Gather.EnableBokehSettings:0       ; no bokeh simulation when gathering]]
[2026.09.05-05.11.47:019][  0]LogConfig: Setting CVar [[r.DOF.Gather.RingCount:4                 ; medium number of samples when gathering]]
[2026.09.05-05.11.47:019][  0]LogConfig: Setting CVar [[r.DOF.Scatter.ForegroundCompositing:1    ; additive foreground scattering]]
[2026.09.05-05.11.47:019][  0]LogConfig: Setting CVar [[r.DOF.Scatter.BackgroundCompositing:2    ; additive background scattering]]
[2026.09.05-05.11.47:019][  0]LogConfig: Setting CVar [[r.DOF.Scatter.EnableBokehSettings:1      ; bokeh simulation when scattering]]
[2026.09.05-05.11.47:019][  0]LogConfig: Setting CVar [[r.DOF.Scatter.MaxSpriteRatio:0.1         ; only a maximum of 10% of scattered bokeh]]
[2026.09.05-05.11.47:019][  0]LogConfig: Setting CVar [[r.DOF.Recombine.Quality:1                ; cheap slight out of focus]]
[2026.09.05-05.11.47:019][  0]LogConfig: Setting CVar [[r.DOF.Recombine.EnableBokehSettings:0    ; no bokeh simulation on slight out of focus]]
[2026.09.05-05.11.47:019][  0]LogConfig: Setting CVar [[r.DOF.TemporalAAQuality:1                ; more stable temporal accumulation]]
[2026.09.05-05.11.47:019][  0]LogConfig: Setting CVar [[r.DOF.Kernel.MaxForegroundRadius:0.025]]
[2026.09.05-05.11.47:019][  0]LogConfig: Setting CVar [[r.DOF.Kernel.MaxBackgroundRadius:0.025]]
[2026.09.05-05.11.47:019][  0]LogConfig: Applying CVar settings from Section [TextureQuality@3] File [C:/Users/adace/Desktop/spyro-blowhards-revenge/Saved/Config/Windows/Scalability.ini]
[2026.09.05-05.11.47:019][  0]LogConfig: Setting CVar [[r.Streaming.MipBias:0]]
[2026.09.05-05.11.47:019][  0]LogConfig: Setting CVar [[r.Streaming.AmortizeCPUToGPUCopy:0]]
[2026.09.05-05.11.47:019][  0]LogConfig: Setting CVar [[r.Streaming.MaxNumTexturesToStreamPerFrame:0]]
[2026.09.05-05.11.47:019][  0]LogConfig: Setting CVar [[r.Streaming.Boost:1]]
[2026.09.05-05.11.47:019][  0]LogConfig: Setting CVar [[r.MaxAnisotropy:8]]
[2026.09.05-05.11.47:019][  0]LogConfig: Setting CVar [[r.VT.MaxAnisotropy:8]]
[2026.09.05-05.11.47:019][  0]LogConfig: Setting CVar [[r.Streaming.LimitPoolSizeToVRAM:0]]
[2026.09.05-05.11.47:019][  0]LogConfig: Setting CVar [[r.Streaming.PoolSize:1000]]
[2026.09.05-05.11.47:019][  0]LogConfig: Setting CVar [[r.Streaming.MaxEffectiveScreenSize:0]]
[2026.09.05-05.11.47:019][  0]LogConfig: Applying CVar settings from Section [EffectsQuality@3] File [C:/Users/adace/Desktop/spyro-blowhards-revenge/Saved/Config/Windows/Scalability.ini]
[2026.09.05-05.11.47:019][  0]LogConfig: Setting CVar [[r.TranslucencyLightingVolumeDim:64]]
[2026.09.05-05.11.47:019][  0]LogConfig: Setting CVar [[r.RefractionQuality:2]]
[2026.09.05-05.11.47:019][  0]LogConfig: Setting CVar [[r.SSR.Quality:3]]
[2026.09.05-05.11.47:019][  0]LogConfig: Setting CVar [[r.SSR.HalfResSceneColor:0]]
[2026.09.05-05.11.47:020][  0]LogConfig: Setting CVar [[r.SceneColorFormat:4]]
[2026.09.05-05.11.47:020][  0]LogConfig: Setting CVar [[r.DetailMode:2]]
[2026.09.05-05.11.47:020][  0]LogConfig: Setting CVar [[r.TranslucencyVolumeBlur:1]]
[2026.09.05-05.11.47:020][  0]LogConfig: Setting CVar [[r.MaterialQualityLevel:1 ; High quality]]
[2026.09.05-05.11.47:020][  0]LogConfig: Setting CVar [[r.AnisotropicMaterials:1]]
[2026.09.05-05.11.47:020][  0]LogConfig: Setting CVar [[r.SSS.Scale:1]]
[2026.09.05-05.11.47:020][  0]LogConfig: Setting CVar [[r.SSS.SampleSet:2]]
[2026.09.05-05.11.47:020][  0]LogConfig: Setting CVar [[r.SSS.Quality:1]]
[2026.09.05-05.11.47:020][  0]LogConfig: Setting CVar [[r.SSS.HalfRes:0]]
[2026.09.05-05.11.47:020][  0]LogConfig: Setting CVar [[r.SSGI.Quality:3]]
[2026.09.05-05.11.47:020][  0]LogConfig: Setting CVar [[r.EmitterSpawnRateScale:1.0]]
[2026.09.05-05.11.47:020][  0]LogConfig: Setting CVar [[r.ParticleLightQuality:2]]
[2026.09.05-05.11.47:020][  0]LogConfig: Setting CVar [[r.SkyAtmosphere.AerialPerspectiveLUT.FastApplyOnOpaque:1 ; Always have FastSkyLUT 1 in this case to avoid wrong sky]]
[2026.09.05-05.11.47:020][  0]LogConfig: Setting CVar [[r.SkyAtmosphere.AerialPerspectiveLUT.SampleCountMaxPerSlice:4]]
[2026.09.05-05.11.47:020][  0]LogConfig: Setting CVar [[r.SkyAtmosphere.AerialPerspectiveLUT.DepthResolution:16.0]]
[2026.09.05-05.11.47:020][  0]LogConfig: Setting CVar [[r.SkyAtmosphere.FastSkyLUT:1]]
[2026.09.05-05.11.47:020][  0]LogConfig: Setting CVar [[r.SkyAtmosphere.FastSkyLUT.SampleCountMin:4.0]]
[2026.09.05-05.11.47:020][  0]LogConfig: Setting CVar [[r.SkyAtmosphere.FastSkyLUT.SampleCountMax:128.0]]
[2026.09.05-05.11.47:020][  0]LogConfig: Setting CVar [[r.SkyAtmosphere.SampleCountMin:4.0]]
[2026.09.05-05.11.47:020][  0]LogConfig: Setting CVar [[r.SkyAtmosphere.SampleCountMax:128.0]]
[2026.09.05-05.11.47:020][  0]LogConfig: Setting CVar [[r.SkyAtmosphere.TransmittanceLUT.UseSmallFormat:0]]
[2026.09.05-05.11.47:020][  0]LogConfig: Setting CVar [[r.SkyAtmosphere.TransmittanceLUT.SampleCount:10.0]]
[2026.09.05-05.11.47:020][  0]LogConfig: Setting CVar [[r.SkyAtmosphere.MultiScatteringLUT.SampleCount:15.0]]
[2026.09.05-05.11.47:020][  0]LogConfig: Setting CVar [[r.SkyLight.RealTimeReflectionCapture:1]]
[2026.09.05-05.11.47:020][  0]LogConfig: Applying CVar settings from Section [FoliageQuality@3] File [C:/Users/adace/Desktop/spyro-blowhards-revenge/Saved/Config/Windows/Scalability.ini]
[2026.09.05-05.11.47:020][  0]LogConfig: Setting CVar [[foliage.DensityScale:1.0]]
[2026.09.05-05.11.47:020][  0]LogConfig: Setting CVar [[grass.DensityScale:1.0]]
[2026.09.05-05.11.47:020][  0]LogConfig: Applying CVar settings from Section [ShadingQuality@3] File [C:/Users/adace/Desktop/spyro-blowhards-revenge/Saved/Config/Windows/Scalability.ini]
[2026.09.05-05.11.47:020][  0]LogConfig: Setting CVar [[r.HairStrands.SkyLighting.IntegrationType:2]]
[2026.09.05-05.11.47:020][  0]LogConfig: Setting CVar [[r.HairStrands.SkyAO.SampleCount:4]]
[2026.09.05-05.11.47:020][  0]LogConfig: Setting CVar [[r.HairStrands.Visibility.MSAA.SamplePerPixel:4]]
[2026.09.05-05.11.47:024][  0]LogInit: Selected Device Profile: [Windows]
[2026.09.05-05.11.47:024][  0]LogInit: Applying CVar settings loaded from the selected device profile: [Windows]
[2026.09.05-05.11.47:024][  0]LogHAL: Display: Platform has ~ 32 GB [34191212544 / 34359738368 / 32], which maps to Largest [LargestMinGB=32, LargerMinGB=12, DefaultMinGB=8, SmallerMinGB=6, SmallestMinGB=0)
[2026.09.05-05.11.47:024][  0]LogInit: Going up to parent DeviceProfile []
[2026.09.05-05.11.47:024][  0]LogConfig: Applying CVar settings from Section [ViewDistanceQuality@3] File [C:/Users/adace/Desktop/spyro-blowhards-revenge/Saved/Config/Windows/Scalability.ini]
[2026.09.05-05.11.47:024][  0]LogConfig: Setting CVar [[r.SkeletalMeshLODBias:0]]
[2026.09.05-05.11.47:024][  0]LogConfig: Setting CVar [[r.ViewDistanceScale:1.0]]
[2026.09.05-05.11.47:024][  0]LogConfig: Applying CVar settings from Section [AntiAliasingQuality@0] File [C:/Users/adace/Desktop/spyro-blowhards-revenge/Saved/Config/Windows/Scalability.ini]
[2026.09.05-05.11.47:024][  0]LogConfig: Setting CVar [[r.PostProcessAAQuality:0]]
[2026.09.05-05.11.47:024][  0]LogConfig: Applying CVar settings from Section [ShadowQuality@3] File [C:/Users/adace/Desktop/spyro-blowhards-revenge/Saved/Config/Windows/Scalability.ini]
[2026.09.05-05.11.47:024][  0]LogConfig: Setting CVar [[r.LightFunctionQuality:1]]
[2026.09.05-05.11.47:024][  0]LogConfig: Setting CVar [[r.ShadowQuality:5]]
[2026.09.05-05.11.47:024][  0]LogConfig: Setting CVar [[r.Shadow.CSM.MaxCascades:10]]
[2026.09.05-05.11.47:024][  0]LogConfig: Setting CVar [[r.Shadow.MaxResolution:2048]]
[2026.09.05-05.11.47:024][  0]LogConfig: Setting CVar [[r.Shadow.MaxCSMResolution:2048]]
[2026.09.05-05.11.47:024][  0]LogConfig: Setting CVar [[r.Shadow.RadiusThreshold:0.01]]
[2026.09.05-05.11.47:024][  0]LogConfig: Setting CVar [[r.Shadow.DistanceScale:1.0]]
[2026.09.05-05.11.47:024][  0]LogConfig: Setting CVar [[r.Shadow.CSM.TransitionScale:1.0]]
[2026.09.05-05.11.47:024][  0]LogConfig: Setting CVar [[r.Shadow.PreShadowResolutionFactor:1.0]]
[2026.09.05-05.11.47:024][  0]LogConfig: Setting CVar [[r.DistanceFieldShadowing:1]]
[2026.09.05-05.11.47:024][  0]LogConfig: Setting CVar [[r.DistanceFieldAO:1]]
[2026.09.05-05.11.47:024][  0]LogConfig: Setting CVar [[r.AOQuality:2]]
[2026.09.05-05.11.47:024][  0]LogConfig: Setting CVar [[r.VolumetricFog:1]]
[2026.09.05-05.11.47:024][  0]LogConfig: Setting CVar [[r.VolumetricFog.GridPixelSize:8]]
[2026.09.05-05.11.47:024][  0]LogConfig: Setting CVar [[r.VolumetricFog.GridSizeZ:128]]
[2026.09.05-05.11.47:024][  0]LogConfig: Setting CVar [[r.VolumetricFog.HistoryMissSupersampleCount:4]]
[2026.09.05-05.11.47:024][  0]LogConfig: Setting CVar [[r.LightMaxDrawDistanceScale:1]]
[2026.09.05-05.11.47:024][  0]LogConfig: Setting CVar [[r.CapsuleShadows:1]]
[2026.09.05-05.11.47:024][  0]LogConfig: Applying CVar settings from Section [PostProcessQuality@3] File [C:/Users/adace/Desktop/spyro-blowhards-revenge/Saved/Config/Windows/Scalability.ini]
[2026.09.05-05.11.47:024][  0]LogConfig: Setting CVar [[r.MotionBlurQuality:4]]
[2026.09.05-05.11.47:024][  0]LogConfig: Setting CVar [[r.AmbientOcclusionMipLevelFactor:0.4]]
[2026.09.05-05.11.47:024][  0]LogConfig: Setting CVar [[r.AmbientOcclusionMaxQuality:100]]
[2026.09.05-05.11.47:024][  0]LogConfig: Setting CVar [[r.AmbientOcclusionLevels:-1]]
[2026.09.05-05.11.47:024][  0]LogConfig: Setting CVar [[r.AmbientOcclusionRadiusScale:1.0]]
[2026.09.05-05.11.47:024][  0]LogConfig: Setting CVar [[r.DepthOfFieldQuality:2]]
[2026.09.05-05.11.47:024][  0]LogConfig: Setting CVar [[r.RenderTargetPoolMin:400]]
[2026.09.05-05.11.47:024][  0]LogConfig: Setting CVar [[r.LensFlareQuality:2]]
[2026.09.05-05.11.47:024][  0]LogConfig: Setting CVar [[r.SceneColorFringeQuality:1]]
[2026.09.05-05.11.47:024][  0]LogConfig: Setting CVar [[r.EyeAdaptationQuality:2]]
[2026.09.05-05.11.47:024][  0]LogConfig: Setting CVar [[r.BloomQuality:5]]
[2026.09.05-05.11.47:024][  0]LogConfig: Setting CVar [[r.FastBlurThreshold:100]]
[2026.09.05-05.11.47:024][  0]LogConfig: Setting CVar [[r.Upscale.Quality:3]]
[2026.09.05-05.11.47:024][  0]LogConfig: Setting CVar [[r.Tonemapper.GrainQuantization:1]]
[2026.09.05-05.11.47:024][  0]LogConfig: Setting CVar [[r.LightShaftQuality:1]]
[2026.09.05-05.11.47:024][  0]LogConfig: Setting CVar [[r.Filter.SizeScale:1]]
[2026.09.05-05.11.47:024][  0]LogConfig: Setting CVar [[r.Tonemapper.Quality:5]]
[2026.09.05-05.11.47:024][  0]LogConfig: Setting CVar [[r.DOF.Gather.AccumulatorQuality:1        ; higher gathering accumulator quality]]
[2026.09.05-05.11.47:024][  0]LogConfig: Setting CVar [[r.DOF.Gather.PostfilterMethod:1          ; Median3x3 postfilering method]]
[2026.09.05-05.11.47:024][  0]LogConfig: Setting CVar [[r.DOF.Gather.EnableBokehSettings:0       ; no bokeh simulation when gathering]]
[2026.09.05-05.11.47:024][  0]LogConfig: Setting CVar [[r.DOF.Gather.RingCount:4                 ; medium number of samples when gathering]]
[2026.09.05-05.11.47:024][  0]LogConfig: Setting CVar [[r.DOF.Scatter.ForegroundCompositing:1    ; additive foreground scattering]]
[2026.09.05-05.11.47:024][  0]LogConfig: Setting CVar [[r.DOF.Scatter.BackgroundCompositing:2    ; additive background scattering]]
[2026.09.05-05.11.47:024][  0]LogConfig: Setting CVar [[r.DOF.Scatter.EnableBokehSettings:1      ; bokeh simulation when scattering]]
[2026.09.05-05.11.47:024][  0]LogConfig: Setting CVar [[r.DOF.Scatter.MaxSpriteRatio:0.1         ; only a maximum of 10% of scattered bokeh]]
[2026.09.05-05.11.47:024][  0]LogConfig: Setting CVar [[r.DOF.Recombine.Quality:1                ; cheap slight out of focus]]
[2026.09.05-05.11.47:024][  0]LogConfig: Setting CVar [[r.DOF.Recombine.EnableBokehSettings:0    ; no bokeh simulation on slight out of focus]]
[2026.09.05-05.11.47:024][  0]LogConfig: Setting CVar [[r.DOF.TemporalAAQuality:1                ; more stable temporal accumulation]]
[2026.09.05-05.11.47:024][  0]LogConfig: Setting CVar [[r.DOF.Kernel.MaxForegroundRadius:0.025]]
[2026.09.05-05.11.47:025][  0]LogConfig: Setting CVar [[r.DOF.Kernel.MaxBackgroundRadius:0.025]]
[2026.09.05-05.11.47:025][  0]LogConfig: Applying CVar settings from Section [TextureQuality@3] File [C:/Users/adace/Desktop/spyro-blowhards-revenge/Saved/Config/Windows/Scalability.ini]
[2026.09.05-05.11.47:025][  0]LogConfig: Setting CVar [[r.Streaming.MipBias:0]]
[2026.09.05-05.11.47:025][  0]LogConfig: Setting CVar [[r.Streaming.AmortizeCPUToGPUCopy:0]]
[2026.09.05-05.11.47:025][  0]LogConfig: Setting CVar [[r.Streaming.MaxNumTexturesToStreamPerFrame:0]]
[2026.09.05-05.11.47:025][  0]LogConfig: Setting CVar [[r.Streaming.Boost:1]]
[2026.09.05-05.11.47:025][  0]LogConfig: Setting CVar [[r.MaxAnisotropy:8]]
[2026.09.05-05.11.47:025][  0]LogConfig: Setting CVar [[r.VT.MaxAnisotropy:8]]
[2026.09.05-05.11.47:025][  0]LogConfig: Setting CVar [[r.Streaming.LimitPoolSizeToVRAM:0]]
[2026.09.05-05.11.47:025][  0]LogConfig: Setting CVar [[r.Streaming.PoolSize:1000]]
[2026.09.05-05.11.47:025][  0]LogConfig: Setting CVar [[r.Streaming.MaxEffectiveScreenSize:0]]
[2026.09.05-05.11.47:025][  0]LogConfig: Applying CVar settings from Section [EffectsQuality@3] File [C:/Users/adace/Desktop/spyro-blowhards-revenge/Saved/Config/Windows/Scalability.ini]
[2026.09.05-05.11.47:025][  0]LogConfig: Setting CVar [[r.TranslucencyLightingVolumeDim:64]]
[2026.09.05-05.11.47:025][  0]LogConfig: Setting CVar [[r.RefractionQuality:2]]
[2026.09.05-05.11.47:025][  0]LogConfig: Setting CVar [[r.SSR.Quality:3]]
[2026.09.05-05.11.47:025][  0]LogConfig: Setting CVar [[r.SSR.HalfResSceneColor:0]]
[2026.09.05-05.11.47:025][  0]LogConfig: Setting CVar [[r.SceneColorFormat:4]]
[2026.09.05-05.11.47:025][  0]LogConfig: Setting CVar [[r.DetailMode:2]]
[2026.09.05-05.11.47:025][  0]LogConfig: Setting CVar [[r.TranslucencyVolumeBlur:1]]
[2026.09.05-05.11.47:025][  0]LogConfig: Setting CVar [[r.MaterialQualityLevel:1 ; High quality]]
[2026.09.05-05.11.47:025][  0]LogConfig: Setting CVar [[r.AnisotropicMaterials:1]]
[2026.09.05-05.11.47:025][  0]LogConfig: Setting CVar [[r.SSS.Scale:1]]
[2026.09.05-05.11.47:025][  0]LogConfig: Setting CVar [[r.SSS.SampleSet:2]]
[2026.09.05-05.11.47:025][  0]LogConfig: Setting CVar [[r.SSS.Quality:1]]
[2026.09.05-05.11.47:025][  0]LogConfig: Setting CVar [[r.SSS.HalfRes:0]]
[2026.09.05-05.11.47:025][  0]LogConfig: Setting CVar [[r.SSGI.Quality:3]]
[2026.09.05-05.11.47:025][  0]LogConfig: Setting CVar [[r.EmitterSpawnRateScale:1.0]]
[2026.09.05-05.11.47:025][  0]LogConfig: Setting CVar [[r.ParticleLightQuality:2]]
[2026.09.05-05.11.47:025][  0]LogConfig: Setting CVar [[r.SkyAtmosphere.AerialPerspectiveLUT.FastApplyOnOpaque:1 ; Always have FastSkyLUT 1 in this case to avoid wrong sky]]
[2026.09.05-05.11.47:025][  0]LogConfig: Setting CVar [[r.SkyAtmosphere.AerialPerspectiveLUT.SampleCountMaxPerSlice:4]]
[2026.09.05-05.11.47:025][  0]LogConfig: Setting CVar [[r.SkyAtmosphere.AerialPerspectiveLUT.DepthResolution:16.0]]
[2026.09.05-05.11.47:025][  0]LogConfig: Setting CVar [[r.SkyAtmosphere.FastSkyLUT:1]]
[2026.09.05-05.11.47:025][  0]LogConfig: Setting CVar [[r.SkyAtmosphere.FastSkyLUT.SampleCountMin:4.0]]
[2026.09.05-05.11.47:025][  0]LogConfig: Setting CVar [[r.SkyAtmosphere.FastSkyLUT.SampleCountMax:128.0]]
[2026.09.05-05.11.47:025][  0]LogConfig: Setting CVar [[r.SkyAtmosphere.SampleCountMin:4.0]]
[2026.09.05-05.11.47:025][  0]LogConfig: Setting CVar [[r.SkyAtmosphere.SampleCountMax:128.0]]
[2026.09.05-05.11.47:025][  0]LogConfig: Setting CVar [[r.SkyAtmosphere.TransmittanceLUT.UseSmallFormat:0]]
[2026.09.05-05.11.47:025][  0]LogConfig: Setting CVar [[r.SkyAtmosphere.TransmittanceLUT.SampleCount:10.0]]
[2026.09.05-05.11.47:025][  0]LogConfig: Setting CVar [[r.SkyAtmosphere.MultiScatteringLUT.SampleCount:15.0]]
[2026.09.05-05.11.47:025][  0]LogConfig: Setting CVar [[r.SkyLight.RealTimeReflectionCapture:1]]
[2026.09.05-05.11.47:025][  0]LogConfig: Applying CVar settings from Section [FoliageQuality@3] File [C:/Users/adace/Desktop/spyro-blowhards-revenge/Saved/Config/Windows/Scalability.ini]
[2026.09.05-05.11.47:025][  0]LogConfig: Setting CVar [[foliage.DensityScale:1.0]]
[2026.09.05-05.11.47:025][  0]LogConfig: Setting CVar [[grass.DensityScale:1.0]]
[2026.09.05-05.11.47:025][  0]LogConfig: Applying CVar settings from Section [ShadingQuality@3] File [C:/Users/adace/Desktop/spyro-blowhards-revenge/Saved/Config/Windows/Scalability.ini]
[2026.09.05-05.11.47:025][  0]LogConfig: Setting CVar [[r.HairStrands.SkyLighting.IntegrationType:2]]
[2026.09.05-05.11.47:025][  0]LogConfig: Setting CVar [[r.HairStrands.SkyAO.SampleCount:4]]
[2026.09.05-05.11.47:025][  0]LogConfig: Setting CVar [[r.HairStrands.Visibility.MSAA.SamplePerPixel:4]]
[2026.09.05-05.11.47:025][  0]LogConfig: Applying CVar settings from Section [Startup] File [../../../Engine/Config/ConsoleVariables.ini]
[2026.09.05-05.11.47:025][  0]LogConfig: Setting CVar [[net.UseAdaptiveNetUpdateFrequency:0]]
[2026.09.05-05.11.47:025][  0]LogConfig: Setting CVar [[p.chaos.AllowCreatePhysxBodies:1]]
[2026.09.05-05.11.47:025][  0]LogConfig: Setting CVar [[fx.SkipVectorVMBackendOptimizations:1]]
[2026.09.05-05.11.47:025][  0]LogConfig: Applying CVar settings from Section [ConsoleVariables] File [C:/Users/adace/Desktop/spyro-blowhards-revenge/Saved/Config/Windows/Engine.ini]
[2026.09.05-05.11.47:025][  0]LogConfig: Applying CVar settings from Section [ConsoleVariables] File [C:/Users/adace/Desktop/spyro-blowhards-revenge/Saved/Config/Windows/Editor.ini]
[2026.09.05-05.11.47:026][  0]LogInit: Computer: DESKTOP-OCQ2307
[2026.09.05-05.11.47:026][  0]LogInit: User: CodexSandboxOffline
[2026.09.05-05.11.47:026][  0]LogInit: CPU Page size=4096, Cores=10
[2026.09.05-05.11.47:026][  0]LogInit: High frequency timer resolution =10.000000 MHz
[2026.09.05-05.11.47:026][  0]LogMemory: Memory total: Physical=31.8GB (32GB approx)
[2026.09.05-05.11.47:026][  0]LogMemory: Platform Memory Stats for Windows
[2026.09.05-05.11.47:026][  0]LogMemory: Process Physical Memory: 146.19 MB used, 146.19 MB peak
[2026.09.05-05.11.47:026][  0]LogMemory: Process Virtual Memory: 126.98 MB used, 126.98 MB peak
[2026.09.05-05.11.47:026][  0]LogMemory: Physical Memory: 16315.44 MB used,  16291.84 MB free, 32607.28 MB total
[2026.09.05-05.11.47:026][  0]LogMemory: Virtual Memory: 134202864.00 MB used,  14866.31 MB free, 134217728.00 MB total
[2026.09.05-05.11.47:029][  0]LogWindows: WindowsPlatformFeatures enabled
[2026.09.05-05.11.47:077][  0]LogInit: Physics initialised using underlying interface: PhysX
[2026.09.05-05.11.47:078][  0]LogInit: Using OS detected language (en-US).
[2026.09.05-05.11.47:078][  0]LogInit: Using OS detected locale (en-AU).
[2026.09.05-05.11.47:082][  0]LogTextLocalizationManager: No specific localization for 'en-US' exists, so the 'en' localization will be used.
[2026.09.05-05.11.47:897][  0]LogTargetPlatformManager: Display: Loaded TargetPlatform 'AllDesktop'
[2026.09.05-05.11.47:913][  0]LogTargetPlatformManager: Display: Loaded TargetPlatform 'Android'
[2026.09.05-05.11.47:913][  0]LogTargetPlatformManager: Display: Loaded TargetPlatform 'Android_ASTC'
[2026.09.05-05.11.47:913][  0]LogTargetPlatformManager: Display: Loaded TargetPlatform 'Android_DXT'
[2026.09.05-05.11.47:913][  0]LogTargetPlatformManager: Display: Loaded TargetPlatform 'Android_ETC2'
[2026.09.05-05.11.47:913][  0]LogTargetPlatformManager: Display: Loaded TargetPlatform 'AndroidClient'
[2026.09.05-05.11.47:913][  0]LogTargetPlatformManager: Display: Loaded TargetPlatform 'Android_ASTCClient'
[2026.09.05-05.11.47:913][  0]LogTargetPlatformManager: Display: Loaded TargetPlatform 'Android_DXTClient'
[2026.09.05-05.11.47:913][  0]LogTargetPlatformManager: Display: Loaded TargetPlatform 'Android_ETC2Client'
[2026.09.05-05.11.47:913][  0]LogTargetPlatformManager: Display: Loaded TargetPlatform 'Android_Multi'
[2026.09.05-05.11.47:913][  0]LogTargetPlatformManager: Display: Loaded TargetPlatform 'Android_MultiClient'
[2026.09.05-05.11.47:927][  0]LogTargetPlatformManager: Display: Loaded TargetPlatform 'IOSClient'
[2026.09.05-05.11.47:927][  0]LogTargetPlatformManager: Display: Loaded TargetPlatform 'IOS'
[2026.09.05-05.11.47:935][  0]LogTargetPlatformManager: Display: Loaded TargetPlatform 'Linux'
[2026.09.05-05.11.47:938][  0]LogTargetPlatformManager: Display: Loaded TargetPlatform 'LinuxNoEditor'
[2026.09.05-05.11.47:941][  0]LogTargetPlatformManager: Display: Loaded TargetPlatform 'LinuxClient'
[2026.09.05-05.11.47:944][  0]LogTargetPlatformManager: Display: Loaded TargetPlatform 'LinuxServer'
[2026.09.05-05.11.47:952][  0]LogTargetPlatformManager: Display: Loaded TargetPlatform 'LinuxAArch64NoEditor'
[2026.09.05-05.11.47:957][  0]LogTargetPlatformManager: Display: Loaded TargetPlatform 'LinuxAArch64Client'
[2026.09.05-05.11.47:959][  0]LogTargetPlatformManager: Display: Loaded TargetPlatform 'LinuxAArch64Server'
[2026.09.05-05.11.47:977][  0]LogTargetPlatformManager: Display: Loaded TargetPlatform 'Lumin'
[2026.09.05-05.11.47:977][  0]LogTargetPlatformManager: Display: Loaded TargetPlatform 'LuminClient'
[2026.09.05-05.11.48:028][  0]LogTargetPlatformManager: Display: Loaded TargetPlatform 'MacNoEditor'
[2026.09.05-05.11.48:032][  0]LogTargetPlatformManager: Display: Loaded TargetPlatform 'Mac'
[2026.09.05-05.11.48:035][  0]LogTargetPlatformManager: Display: Loaded TargetPlatform 'MacClient'
[2026.09.05-05.11.48:039][  0]LogTargetPlatformManager: Display: Loaded TargetPlatform 'MacServer'
[2026.09.05-05.11.48:047][  0]LogTargetPlatformManager: Display: Loaded TargetPlatform 'TVOSClient'
[2026.09.05-05.11.48:047][  0]LogTargetPlatformManager: Display: Loaded TargetPlatform 'TVOS'
[2026.09.05-05.11.48:055][  0]LogTargetPlatformManager: Display: Loaded TargetPlatform 'WindowsNoEditor'
[2026.09.05-05.11.48:058][  0]LogTargetPlatformManager: Display: Loaded TargetPlatform 'Windows'
[2026.09.05-05.11.48:063][  0]LogTargetPlatformManager: Display: Loaded TargetPlatform 'WindowsClient'
[2026.09.05-05.11.48:066][  0]LogTargetPlatformManager: Display: Loaded TargetPlatform 'WindowsServer'
[2026.09.05-05.11.48:066][  0]LogTargetPlatformManager: Display: Building Assets For Windows
[2026.09.05-05.11.48:073][  0]LogAudioDebug: Display: Lib vorbis DLL was dynamically loaded.
[2026.09.05-05.11.48:100][  0]LogTextureFormatOodle: Display: Oodle Texture 2.9.0 init RDO Off
[2026.09.05-05.11.48:133][  0]LogRendererCore: Ray tracing is disabled. Reason: r.RayTracing=0.
[2026.09.05-05.11.48:133][  0]LogShaderCompilers: Guid format shader working directory is -35 characters bigger than the processId version (../../../../../../Users/adace/Desktop/spyro-blowhards-revenge/Intermediate/Shaders/WorkingDirectory/11036/).
[2026.09.05-05.11.48:133][  0]LogShaderCompilers: Cleaned the shader compiler working directory 'C:/Users/adace/UnrealShaderWorkingDir/AD14CFFA41B5AE0EA5D6DB87AF83DD8A/'.
[2026.09.05-05.11.48:133][  0]LogXGEController: Cannot use XGE Controller as Incredibuild is not installed on this machine.
[2026.09.05-05.11.48:133][  0]LogShaderCompilers: Cannot use XGE Shader Compiler as Incredibuild is not installed on this machine.
[2026.09.05-05.11.48:133][  0]LogShaderCompilers: Display: Using Local Shader Compiler.
[2026.09.05-05.11.48:577][  0]LogDerivedDataCache: Display: Max Cache Size: 512 MB
[2026.09.05-05.11.48:628][  0]LogDerivedDataCache: Loaded boot cache 0.05s 81MB C:/Users/adace/AppData/Local/UnrealEngine/4.27/DerivedDataCache/Boot.ddc.
[2026.09.05-05.11.48:628][  0]LogDerivedDataCache: Display: Loaded Boot cache: C:/Users/adace/AppData/Local/UnrealEngine/4.27/DerivedDataCache/Boot.ddc
[2026.09.05-05.11.48:628][  0]LogDerivedDataCache: FDerivedDataBackendGraph:  Pak pak cache file ../../../../../../Users/adace/Desktop/spyro-blowhards-revenge/DerivedDataCache/DDC.ddp not found, will not use a pak cache.
[2026.09.05-05.11.48:628][  0]LogDerivedDataCache: Unable to find inner node Pak for hierarchical cache Hierarchy.
[2026.09.05-05.11.48:628][  0]LogDerivedDataCache: FDerivedDataBackendGraph:  CompressedPak pak cache file ../../../../../../Users/adace/Desktop/spyro-blowhards-revenge/DerivedDataCache/Compressed.ddp not found, will not use a pak cache.
[2026.09.05-05.11.48:628][  0]LogDerivedDataCache: Unable to find inner node CompressedPak for hierarchical cache Hierarchy.
[2026.09.05-05.11.48:643][  0]LogDerivedDataCache: Display: Pak cache opened for reading ../../../Engine/DerivedDataCache/Compressed.ddp.
[2026.09.05-05.11.48:643][  0]LogDerivedDataCache: FDerivedDataBackendGraph:  EnterprisePak pak cache file ../../../Enterprise/DerivedDataCache/Compressed.ddp not found, will not use a pak cache.
[2026.09.05-05.11.48:643][  0]LogDerivedDataCache: Unable to find inner node EnterprisePak for hierarchical cache Hierarchy.
[2026.09.05-05.11.48:647][  0]LogDerivedDataCache: Warning: Fail to write to C:/Users/adace/AppData/Local/UnrealEngine/Common/DerivedDataCache/TestData/83E15147498DEDDDFDD4AC8CCC3AFCC6/TestData/0/TestData_4kb.dat, derived data cache will be disabled. ReadError: 3 (The system cannot find the path specified.)
[2026.09.05-05.11.48:647][  0]LogDerivedDataCache: Speed tests for C:/Users/adace/AppData/Local/UnrealEngine/Common/DerivedDataCache took 0.00 seconds
[2026.09.05-05.11.48:647][  0]LogDerivedDataCache: Display: Performance to C:/Users/adace/AppData/Local/UnrealEngine/Common/DerivedDataCache: Latency=0.03ms. RandomReadSpeed=456.00MBs, RandomWriteSpeed=0.00MBs. Assigned SpeedClass 'Local'
[2026.09.05-05.11.48:647][  0]LogDerivedDataCache: Using Local data cache path C:/Users/adace/AppData/Local/UnrealEngine/Common/DerivedDataCache: ReadOnly
[2026.09.05-05.11.48:647][  0]LogDerivedDataCache: Shared data cache path not found in *engine.ini, will not use an Shared cache.
[2026.09.05-05.11.48:647][  0]LogDerivedDataCache: Unable to find inner node Shared for hierarchical cache Hierarchy.
[2026.09.05-05.11.48:653][  0]LogAssetRegistry: FAssetRegistry took 0.0012 seconds to start up
[2026.09.05-05.11.48:815][  0]LogInit: Selected Device Profile: [Windows]
[2026.09.05-05.11.48:815][  0]LogInit: Active device profile: [000001542F981400][000001542AD507C0 49] Windows
[2026.09.05-05.11.48:815][  0]LogInit: Profiles: [000001542F981400][000001542AD507C0 49] Windows, [000001542F922800][000001542AD5E940 49] WindowsNoEditor, [000001542F8FFF00][000001542AD62AC0 49] WindowsServer, [000001542F981600][000001542AD66C40 49] WindowsClient, [000001542F920100][000001542AD6ADC0 49] IOS, [000001542F8FC500][000001542AD6EF40 49] iPadAir, [000001542F920600][000001542AD730C0 49] iPadAir2, [000001542F8D0300][000001542C751380 49] IPadPro, [000001542F8D0400][000001542AD773C0 49] iPadAir3, [000001542F8FC300][000001542AD55500 49] iPadAir4, [000001542F8D2F00][000001542C75B640 49] iPadMini2, [000001542F8FF900][000001542C75F780 49] iPadMini3, [000001542F8D0B00][000001542C767900 49] iPadMini4, [000001542F8FEF00][000001542C76BA80 49] iPadMini5, [000001542F8C3B00][000001542C7721C0 49] iPhone6, [000001542F8C3C00][000001542C76E200 49] iPodTouch6, [000001542F923500][000001542C77A4C0 49] iPhone7, [000001542F923600][000001542C776500 49] iPodTouch7, [000001542F8C0300][000001542C77E680 49] iPhone5S, [000001542F8D2D00][000001542C782800 49] iPhone6Plus, [000001542F8C1F00][000001542C786980 49] iPhone6S, [000001542F8D1200][000001542C78AB00 49] iPhone6SPlus, [000001542F923900][000001542EF7CC80 49] iPhone7Plus, [000001542F8D0E00][000001542EF80E00 49] iPhoneSE, [000001542F922500][000001542EF84F80 49] iPhone8, [000001542F8D1000][000001542EF89100 49] iPhone8Plus, [000001542F920500][000001542EF8D280 49] iPhoneX, [000001542F8D1300][000001542EF91400 49] iPhoneXS, [000001542F922400][000001542EF95580 49] iPhoneXSMax, [000001542F8D2200][000001542C7636C0 49] iPhoneXR, [000001542F920900][000001542EF99800 49] iPhone11, [000001542F8D2100][000001542EF9D940 49] iPhone11Pro, [000001542F922D00][000001542EFA5AC0 49] iPhone11ProMax, [000001542F8D2000][000001542EFA80C0 49] iPhoneSE2, [000001542F921B00][000001542EFAC240 49] iPhone12Mini, [000001542F8D2500][000001542EFB03C0 49] iPhone12, [000001542F920200][000001542EFB4540 49] iPhone12Pro, [000001542F8D2400][000001542EFB86C0 49] iPhone12ProMax, [000001542F921700][000001542EFBC840 49] iPadPro105, [000001542F8D1C00][000001542EFC09C0 49] iPadPro129, [000001542F920B00][000001542EFC4B40 49] iPadPro97, [000001542F8D3600][000001542EFC8CC0 49] iPadPro2_129, [000001542F922300][000001542EFCCE40 49] iPad5, [000001542F8D3100][000001542EFD0FC0 49] iPad6, [000001542F921300][000001542EFD5140 49] iPad7, [000001542F8D0800][000001542EFD92C0 49] iPad8, [000001542F920D00][000001542EFDD440 49] iPadPro11, [000001542F8D2300][000001542EFE15C0 49] iPadPro2_11, [000001542F921600][000001542EFE5740 49] iPadPro3_129, [000001542F8D3F00][000001542EFA1880 49] iPadPro4_129, [000001542F922700][000001542EFE99C0 49] AppleTV, [000001542F8D3C00][000001542EFEDB00 49] AppleTV4K, [000001542F923200][000001542EFF00C0 49] TVOS, [000001542F8D2900][000001542EFF8240 49] Mac, [000001542F922100][000001542EFFC3C0 49] MacClient, [000001542F8D2C00][0000015432420540 49] MacNoEditor, [000001542F922900][00000154324246C0 49] MacServer, [000001542F8D1400][0000015432428840 49] Linux, [000001542F920F00][000001543242C9C0 49] LinuxAArch64, [000001542F8D0700][0000015432430B40 49] LinuxNoEditor, [000001542F922E00][0000015432434CC0 49] LinuxAArch64NoEditor, [000001542F8D1F00][0000015432438E40 49] LinuxClient, [000001542F922200][000001543243CFC0 49] LinuxAArch64Client, [000001542F8D1500][0000015432441140 49] LinuxServer, [000001542F921800][00000154324452C0 49] LinuxAArch64Server, [000001542F8D2E00][0000015432449440 49] Android, [000001542F921100][000001543244D5C0 49] Android_Low, [000001542F8D0C00][0000015432451740 49] Android_Mid, [000001542F923400][00000154324558C0 49] Android_High, [000001542F981800][000001542EFF5A00 49] Android_Default, [000001542F8C0800][0000015432459B40 49] Android_Adreno4xx, [000001542F980400][000001543245C100 49] Android_Adreno5xx_Low, [000001542F8C3000][0000015432460240 49] Android_Adreno5xx, [000001542F983200][00000154324683C0 49] Android_Adreno6xx, [000001542F8C2800][000001543246C540 49] Android_Adreno6xx_Vulkan, [000001542F983500][00000154324706C0 49] Android_Mali_T6xx, [000001542F8C3900][0000015432474840 49] Android_Mali_T7xx, [000001542F983700][00000154324789C0 49] Android_Mali_T8xx, [000001542F8C2700][000001543247CB40 49] Android_Mali_G71, [000001542F981300][0000015432480CC0 49] Android_Mali_G72, [000001542F8C1400][0000015432484E40 49] Android_Mali_G72_Vulkan, [000001542F981B00][0000015432488FC0 49] Android_Mali_G76, [000001542F8C0F00][000001543248D140 49] Android_Mali_G76_Vulkan, [000001542F983400][00000154324912C0 49] Android_Mali_G77, [000001542F8C2200][0000015432495440 49] Android_Mali_G77_Vulkan, [000001542F983100][00000154324995C0 49] Android_Mali_G78, [000001542F8C2E00][000001543249D740 49] Android_Mali_G78_Vulkan, [000001542F980A00][00000154324A18C0 49] Android_Mali_G710, [000001542F8C0C00][00000154324A5A40 49] Android_Mali_G710_Vulkan, [000001542F983800][00000154324A9BC0 49] Android_Vulkan_SM5, [000001542F8C1E00][0000015432464180 49] Android_PowerVR_G6xxx, [000001542F982100][00000154324AC2C0 49] Android_PowerVR_GT7xxx, [000001542F8C1800][00000154324B0400 49] Android_PowerVR_GE8xxx, [000001542F982700][00000154324B8580 49] Android_PowerVR_GM9xxx, [000001542F921500][00000154324BC700 49] Android_PowerVR_GM9xxx_Vulkan, [000001542F982D00][00000154324C0880 49] Android_TegraK1, [000001542F920800][00000154324C4A00 49] Android_Unknown_Vulkan, [000001542F980F00][00000154324C8B80 49] Lumin, [000001542F920E00][00000154324CCD00 49] Lumin_Desktop, [000001542F981100][00000154324D0E80 49] HoloLens, 
[2026.09.05-05.11.48:847][  0]LogMeshReduction: Using QuadricMeshReduction for automatic static mesh reduction
[2026.09.05-05.11.48:847][  0]LogMeshReduction: Using SimplygonMeshReduction for automatic skeletal mesh reduction
[2026.09.05-05.11.48:847][  0]LogMeshReduction: Using ProxyLODMeshReduction for automatic mesh merging
[2026.09.05-05.11.48:847][  0]LogMeshReduction: No distributed automatic mesh merging module available
[2026.09.05-05.11.48:847][  0]LogMeshMerging: No distributed automatic mesh merging module available
[2026.09.05-05.11.48:852][  0]LogNetVersion: Spyro_Bunnited 1.0.0, NetCL: 17155196, EngineNetVer: 17, GameNetVer: 0 (Checksum: 2727633312)
[2026.09.05-05.11.49:094][  0]LogCollectionManager: Loaded 0 collections in 0.001784 seconds
[2026.09.05-05.11.49:096][  0]LogFileCache: Scanning file cache for directory 'C:/Users/adace/Desktop/spyro-blowhards-revenge/Saved/Collections/' took 0.00s
[2026.09.05-05.11.49:096][  0]LogFileCache: Scanning file cache for directory 'C:/Users/adace/Desktop/spyro-blowhards-revenge/Content/Developers/CodexSandboxOffline/Collections/' took 0.00s
[2026.09.05-05.11.49:096][  0]LogFileCache: Scanning file cache for directory 'C:/Users/adace/Desktop/spyro-blowhards-revenge/Content/Collections/' took 0.00s
[2026.09.05-05.11.49:096][  0]LogCollectionManager: Fixed up redirectors for 0 collections in 0.000002 seconds (updated 0 objects)
[2026.09.05-05.11.49:188][  0]LogNiagaraDebuggerClient: Niagara Debugger Client Initialized | Session: 618349D1446A6C660126DA969F777F8E | Instance: 6F502D584799CF4ECB1879BF5ED8613D (DESKTOP-OCQ2307-11036).
[2026.09.05-05.11.49:302][  0]LogPython: Using Python 3.7.7
[2026.09.05-05.11.49:757][  0]SourceControl: Source control is disabled
[2026.09.05-05.11.49:757][  0]SourceControl: Source control is disabled
[2026.09.05-05.11.49:762][  0]SourceControl: Source control is disabled
[2026.09.05-05.11.49:765][  0]SourceControl: Source control is disabled
[2026.09.05-05.11.49:767][  0]SourceControl: Source control is disabled
[2026.09.05-05.11.49:773][  0]LogUProjectInfo: Found projects:
[2026.09.05-05.11.49:939][  0]LogOpenImageDenoise: OIDN starting up
[2026.09.05-05.11.49:949][  0]LogAndroidPermission: UAndroidPermissionCallbackProxy::GetInstance
[2026.09.05-05.11.49:971][  0]LogAudioCaptureCore: Display: No Audio Capture implementations found. Audio input will be silent.
[2026.09.05-05.11.49:971][  0]LogAudioCaptureCore: Display: No Audio Capture implementations found. Audio input will be silent.
[2026.09.05-05.11.50:081][  0]LogUObjectArray: 23186 objects as part of root set at end of initial load.
[2026.09.05-05.11.50:081][  0]LogUObjectAllocator: 6473664 out of 0 bytes used by permanent object pool.
[2026.09.05-05.11.50:081][  0]LogUObjectArray: CloseDisregardForGC: 0/0 objects in disregard for GC pool
[2026.09.05-05.11.50:085][  0]LogInit: Executing Class /Script/PythonScriptPlugin.PythonScriptCommandlet
[2026.09.05-05.11.50:086][  0]LogInit: Initializing Editor Engine...
[2026.09.05-05.11.50:086][  0]LogEngine: Initializing Engine...
[2026.09.05-05.11.50:087][  0]LogStats: UGameplayTagsManager::InitializeManager -  0.000 s
[2026.09.05-05.11.51:501][  0]LogInit: Initializing FReadOnlyCVARCache
[2026.09.05-05.11.51:509][  0]LogAIModule: Creating AISystem for world Untitled
[2026.09.05-05.11.51:511][  0]LogNetVersion: Set ProjectVersion to 1.0.0.0. Version Checksum will be recalculated on next use.
[2026.09.05-05.11.51:511][  0]LogDerivedDataCache: Error: Could not save memory cache C:/Users/adace/AppData/Local/UnrealEngine/4.27/DerivedDataCache/Boot.ddc.
[2026.09.05-05.11.51:515][  0]LogInit: Texture streaming: Disabled
[2026.09.05-05.11.51:543][  0]LogInit: Initializing Editor Engine Completed
[2026.09.05-05.11.51:706][  0]BlueprintLog: New page: Editor Load
[2026.09.05-05.11.51:739][  0]LogClass: Display: Int8Property FMTSJson::version is not initialized properly. Module:MegascansPlugin File:Private/Utilities/MTSReader.h
[2026.09.05-05.11.51:739][  0]LogClass: Display: Int16Property FMTSJson::resolutionValue is not initialized properly. Module:MegascansPlugin File:Private/Utilities/MTSReader.h
[2026.09.05-05.11.51:739][  0]LogClass: Display: BoolProperty FMTSJson::isExternal is not initialized properly. Module:MegascansPlugin File:Private/Utilities/MTSReader.h
[2026.09.05-05.11.51:739][  0]LogClass: Display: Int8Property FMTSJson::meshVersion is not initialized properly. Module:MegascansPlugin File:Private/Utilities/MTSReader.h
[2026.09.05-05.11.51:739][  0]LogClass: Display: BoolProperty FMTSJson::isCustom is not initialized properly. Module:MegascansPlugin File:Private/Utilities/MTSReader.h
[2026.09.05-05.11.51:739][  0]LogClass: Display: BoolProperty FMTSJson::isModularAsset is not initialized properly. Module:MegascansPlugin File:Private/Utilities/MTSReader.h
[2026.09.05-05.11.51:739][  0]LogClass: Display: Int8Property FLodList::variation is not initialized properly. Module:MegascansPlugin File:Private/Utilities/MTSReader.h
[2026.09.05-05.11.51:739][  0]LogClass: Display: Int16Property FMeshList::resolution is not initialized properly. Module:MegascansPlugin File:Private/Utilities/MTSReader.h
[2026.09.05-05.11.51:739][  0]LogClass: Display: Int16Property FComponents::resolution is not initialized properly. Module:MegascansPlugin File:Private/Utilities/MTSReader.h
[2026.09.05-05.11.51:741][  0]LogClass: Display: BoolProperty FTextureSets::isUdim is not initialized properly. Module:MegascansPlugin File:Private/Utilities/MTSReader.h
[2026.09.05-05.11.51:741][  0]LogClass: Display: BoolProperty FMeta::value is not initialized properly. Module:MegascansPlugin File:Private/Utilities/MTSReader.h
[2026.09.05-05.11.51:741][  0]LogClass: Display: 11 Uninitialized script struct members found including 0 object properties
[2026.09.05-05.11.51:742][  0]LogPythonScriptCommandlet: Display: Running Python script: C:\Users\adace\Desktop\spyro-blowhards-revenge\Tools\MeshReview\audit_unreal.py
[2026.09.05-05.11.51:863][  0]LogPython: Error: Traceback (most recent call last):
[2026.09.05-05.11.51:863][  0]LogPython: Error:   File "C:/Users/adace/Desktop/spyro-blowhards-revenge/Tools/MeshReview/audit_unreal.py", line 22, in <module>
[2026.09.05-05.11.51:864][  0]LogPython: Error:     print('UE_AUDIT '+json.dumps(result))
[2026.09.05-05.11.51:864][  0]LogPython: Error:   File "C:\Program Files\Epic Games\UE_4.27\Engine\Binaries\ThirdParty\Python3\Win64\lib\json\__init__.py", line 231, in dumps
[2026.09.05-05.11.51:864][  0]LogPython: Error:     return _default_encoder.encode(obj)
[2026.09.05-05.11.51:864][  0]LogPython: Error:   File "C:\Program Files\Epic Games\UE_4.27\Engine\Binaries\ThirdParty\Python3\Win64\lib\json\encoder.py", line 199, in encode
[2026.09.05-05.11.51:864][  0]LogPython: Error:     chunks = self.iterencode(o, _one_shot=True)
[2026.09.05-05.11.51:865][  0]LogPython: Error:   File "C:\Program Files\Epic Games\UE_4.27\Engine\Binaries\ThirdParty\Python3\Win64\lib\json\encoder.py", line 257, in iterencode
[2026.09.05-05.11.51:865][  0]LogPython: Error:     return _iterencode(o, 0)
[2026.09.05-05.11.51:865][  0]LogPython: Error:   File "C:\Program Files\Epic Games\UE_4.27\Engine\Binaries\ThirdParty\Python3\Win64\lib\json\encoder.py", line 179, in default
[2026.09.05-05.11.51:865][  0]LogPython: Error:     raise TypeError(f'Object of type {o.__class__.__name__} '
[2026.09.05-05.11.51:865][  0]LogPython: Error: TypeError: Object of type Array is not JSON serializable
[2026.09.05-05.11.51:866][  0]LogCore: Engine exit requested (reason: Commandlet PythonScriptCommandlet_0 finished execution (result 0))
[2026.09.05-05.11.51:866][  0]LogInit: Display: 
[2026.09.05-05.11.51:866][  0]LogInit: Display: Warning/Error Summary (Unique only)
[2026.09.05-05.11.51:866][  0]LogInit: Display: -----------------------------------
[2026.09.05-05.11.51:867][  0]LogInit: Display: LogDerivedDataCache: Error: Could not save memory cache C:/Users/adace/AppData/Local/UnrealEngine/4.27/DerivedDataCache/Boot.ddc.
[2026.09.05-05.11.51:867][  0]LogInit: Display: LogPython: Error: Traceback (most recent call last):
[2026.09.05-05.11.51:867][  0]LogInit: Display: LogPython: Error:   File "C:/Users/adace/Desktop/spyro-blowhards-revenge/Tools/MeshReview/audit_unreal.py", line 22, in <module>
[2026.09.05-05.11.51:867][  0]LogInit: Display: LogPython: Error:     print('UE_AUDIT '+json.dumps(result))
[2026.09.05-05.11.51:867][  0]LogInit: Display: LogPython: Error:   File "C:\Program Files\Epic Games\UE_4.27\Engine\Binaries\ThirdParty\Python3\Win64\lib\json\__init__.py", line 231, in dumps
[2026.09.05-05.11.51:867][  0]LogInit: Display: LogPython: Error:     return _default_encoder.encode(obj)
[2026.09.05-05.11.51:868][  0]LogInit: Display: LogPython: Error:   File "C:\Program Files\Epic Games\UE_4.27\Engine\Binaries\ThirdParty\Python3\Win64\lib\json\encoder.py", line 199, in encode
[2026.09.05-05.11.51:868][  0]LogInit: Display: LogPython: Error:     chunks = self.iterencode(o, _one_shot=True)
[2026.09.05-05.11.51:868][  0]LogInit: Display: LogPython: Error:   File "C:\Program Files\Epic Games\UE_4.27\Engine\Binaries\ThirdParty\Python3\Win64\lib\json\encoder.py", line 257, in iterencode
[2026.09.05-05.11.51:868][  0]LogInit: Display: LogPython: Error:     return _iterencode(o, 0)
[2026.09.05-05.11.51:869][  0]LogInit: Display: LogPython: Error:   File "C:\Program Files\Epic Games\UE_4.27\Engine\Binaries\ThirdParty\Python3\Win64\lib\json\encoder.py", line 179, in default
[2026.09.05-05.11.51:869][  0]LogInit: Display: LogPython: Error:     raise TypeError(f'Object of type {o.__class__.__name__} '
[2026.09.05-05.11.51:869][  0]LogInit: Display: LogPython: Error: TypeError: Object of type Array is not JSON serializable
[2026.09.05-05.11.51:869][  0]LogInit: Display: LogSsl: Warning: Unable to open ROOT certificate store. Platform provided certificates will not be used
[2026.09.05-05.11.51:869][  0]LogInit: Display: LogDerivedDataCache: Warning: Fail to write to C:/Users/adace/AppData/Local/UnrealEngine/Common/DerivedDataCache/TestData/83E15147498DEDDDFDD4AC8CCC3AFCC6/TestData/0/TestData_4kb.dat, derived data cache will be disabled. ReadError: 3 (The system cannot find the path specified.)
[2026.09.05-05.11.51:869][  0]LogInit: Display: 
[2026.09.05-05.11.51:870][  0]LogInit: Display: Failure - 13 error(s), 2 warning(s)
[2026.09.05-05.11.51:870][  0]LogInit: Display: 
Execution of commandlet took:  0.13 seconds
[2026.09.05-05.11.51:870][  0]LogCore: Engine exit requested (reason: EngineExit() was called; note: exit was already requested)
[2026.09.05-05.11.51:871][  0]LogExit: Preparing to exit.
[2026.09.05-05.11.51:876][  0]LogUObjectHash: Compacting FUObjectHashTables data took   0.50ms
[2026.09.05-05.11.51:922][  0]LogDemo: Cleaned up 0 splitscreen connections with owner deletion
[2026.09.05-05.11.51:923][  0]LogWorld: UWorld::CleanupWorld for None, bSessionEnded=true, bCleanupResources=true
[2026.09.05-05.11.51:924][  0]LogExit: Editor shut down
[2026.09.05-05.11.51:959][  0]LogExit: Object subsystem successfully closed.
[2026.09.05-05.11.51:972][  0]LogShaderCompilers: Display: === FShaderJobCache stats ===
[2026.09.05-05.11.51:973][  0]LogShaderCompilers: Display: Total job queries 0, among them cache hits 0 (0.00%)
[2026.09.05-05.11.51:973][  0]LogShaderCompilers: Display: Tracking 0 distinct input hashes that result in 0 distinct outputs (0.00%)
[2026.09.05-05.11.51:973][  0]LogShaderCompilers: Display: RAM used: 0.00 MB (0.00 GB) of 1638.40 MB (1.60 GB) budget. Usage: 0.00%
[2026.09.05-05.11.51:973][  0]LogShaderCompilers: Display: ================================================
[2026.09.05-05.11.51:981][  0]LogShaderCompilers: Display: Shaders left to compile 0
[2026.09.05-05.11.51:996][  0]LogModuleManager: Shutting down and abandoning module GooglePADEditor (680)
[2026.09.05-05.11.51:996][  0]LogModuleManager: Shutting down and abandoning module AudioCaptureEditor (678)
[2026.09.05-05.11.51:996][  0]LogModuleManager: Shutting down and abandoning module TemplateSequenceEditor (676)
[2026.09.05-05.11.51:996][  0]LogModuleManager: Shutting down and abandoning module LevelSequenceEditor (674)
[2026.09.05-05.11.51:996][  0]LogModuleManager: Shutting down and abandoning module ActorSequenceEditor (672)
[2026.09.05-05.11.51:996][  0]LogModuleManager: Shutting down and abandoning module Kismet (671)
[2026.09.05-05.11.51:997][  0]LogModuleManager: Shutting down and abandoning module KismetWidgets (670)
[2026.09.05-05.11.51:997][  0]LogModuleManager: Shutting down and abandoning module MatineeToLevelSequence (666)
[2026.09.05-05.11.51:997][  0]LogModuleManager: Shutting down and abandoning module PlanarCut (664)
[2026.09.05-05.11.51:997][  0]LogModuleManager: Shutting down and abandoning module WebMMediaFactory (662)
[2026.09.05-05.11.51:997][  0]LogModuleManager: Shutting down and abandoning module WebMMediaEditor (660)
[2026.09.05-05.11.51:997][  0]LogModuleManager: Shutting down and abandoning module WmfMediaFactory (658)
[2026.09.05-05.11.51:997][  0]LogModuleManager: Shutting down and abandoning module WmfMediaEditor (656)
[2026.09.05-05.11.51:998][  0]LogModuleManager: Shutting down and abandoning module MediaPlayerEditor (654)
[2026.09.05-05.11.51:998][  0]LogModuleManager: Shutting down and abandoning module ImgMediaFactory (652)
[2026.09.05-05.11.51:998][  0]LogModuleManager: Shutting down and abandoning module ImgMediaEditor (650)
[2026.09.05-05.11.51:998][  0]LogModuleManager: Shutting down and abandoning module MediaCompositingEditor (648)
[2026.09.05-05.11.51:998][  0]LogModuleManager: Shutting down and abandoning module SequenceRecorder (647)
[2026.09.05-05.11.51:998][  0]LogModuleManager: Shutting down and abandoning module Persona (646)
[2026.09.05-05.11.51:998][  0]LogModuleManager: Shutting down and abandoning module AdvancedPreviewScene (645)
[2026.09.05-05.11.51:998][  0]LogModuleManager: Shutting down and abandoning module AnimGraph (643)
[2026.09.05-05.11.51:998][  0]LogModuleManager: Shutting down and abandoning module AvfMediaFactory (638)
[2026.09.05-05.11.51:999][  0]LogModuleManager: Shutting down and abandoning module AvfMediaEditor (636)
[2026.09.05-05.11.51:999][  0]LogModuleManager: Shutting down and abandoning module AndroidMediaFactory (634)
[2026.09.05-05.11.51:999][  0]LogModuleManager: Shutting down and abandoning module AndroidMediaEditor (632)
[2026.09.05-05.11.51:999][  0]LogModuleManager: Shutting down and abandoning module CharacterAI (630)
[2026.09.05-05.11.51:999][  0]LogModuleManager: Shutting down and abandoning module TextureAlignMode (628)
[2026.09.05-05.11.51:999][  0]LogModuleManager: Shutting down and abandoning module BspMode (626)
[2026.09.05-05.11.51:999][  0]LogModuleManager: Shutting down and abandoning module GeometryMode (624)
[2026.09.05-05.11.51:999][  0]LogModuleManager: Shutting down and abandoning module MagicLeapMediaEditor (622)
[2026.09.05-05.11.51:999][  0]LogModuleManager: Shutting down and abandoning module CameraShakePreviewer (620)
[2026.09.05-05.11.51:999][  0]LogModuleManager: Shutting down and abandoning module SmartSnapping (618)
[2026.09.05-05.11.51:999][  0]LogModuleManager: Shutting down and abandoning module SessionServices (616)
[2026.09.05-05.11.51:999][  0]LogModuleManager: Shutting down and abandoning module MeshPaint (614)
[2026.09.05-05.11.52:001][  0]LogModuleManager: Shutting down and abandoning module VirtualTexturingEditor (612)
[2026.09.05-05.11.52:001][  0]LogModuleManager: Shutting down and abandoning module FoliageEdit (610)
[2026.09.05-05.11.52:001][  0]LogModuleManager: Shutting down and abandoning module LandscapeEditor (608)
[2026.09.05-05.11.52:001][  0]LogModuleManager: Shutting down and abandoning module MeshPaintMode (606)
[2026.09.05-05.11.52:001][  0]LogModuleManager: Shutting down and abandoning module SceneDepthPickerMode (604)
[2026.09.05-05.11.52:001][  0]LogModuleManager: Shutting down and abandoning module ActorPickerMode (602)
[2026.09.05-05.11.52:002][  0]LogModuleManager: Shutting down and abandoning module PlacementMode (600)
[2026.09.05-05.11.52:002][  0]LogModuleManager: Shutting down and abandoning module LiveCoding (598)
[2026.09.05-05.11.52:002][  0]LogModuleManager: Shutting down and abandoning module LevelSequence (596)
[2026.09.05-05.11.52:002][  0]LogModuleManager: Shutting down and abandoning module MovieSceneTracks (594)
[2026.09.05-05.11.52:002][  0]LogModuleManager: Shutting down and abandoning module MovieScene (592)
[2026.09.05-05.11.52:002][  0]LogModuleManager: Shutting down and abandoning module StreamingPauseRendering (590)
[2026.09.05-05.11.52:002][  0]LogModuleManager: Shutting down and abandoning module ImageWriteQueue (588)
[2026.09.05-05.11.52:007][  0]LogModuleManager: Shutting down and abandoning module AIModule (586)
[2026.09.05-05.11.52:007][  0]LogModuleManager: Shutting down and abandoning module GameplayDebugger (585)
[2026.09.05-05.11.52:008][  0]LogModuleManager: Shutting down and abandoning module AITestSuite (583)
[2026.09.05-05.11.52:008][  0]LogModuleManager: Shutting down and abandoning module NavigationSystem (581)
[2026.09.05-05.11.52:008][  0]LogModuleManager: Shutting down and abandoning module AudioSynesthesiaEditor (578)
[2026.09.05-05.11.52:008][  0]LogModuleManager: Shutting down and abandoning module MegascansPlugin (576)
[2026.09.05-05.11.52:008][  0]LogModuleManager: Shutting down and abandoning module PS1IsoGate (574)
[2026.09.05-05.11.52:008][  0]LogModuleManager: Shutting down and abandoning module SM64RuntimeEditor (572)
[2026.09.05-05.11.52:008][  0]LogModuleManager: Shutting down and abandoning module SM64Runtime (570)
[2026.09.05-05.11.52:009][  0]LogModuleManager: Shutting down and abandoning module MMAEditorTools (568)
[2026.09.05-05.11.52:009][  0]LogModuleManager: Shutting down and abandoning module MMAGameplay (566)
[2026.09.05-05.11.52:009][  0]LogModuleManager: Shutting down and abandoning module SQLiteSupport (564)
[2026.09.05-05.11.52:009][  0]LogModuleManager: Shutting down and abandoning module DatabaseSupport (562)
[2026.09.05-05.11.52:009][  0]LogModuleManager: Shutting down and abandoning module ContentBrowserAssetDataSource (560)
[2026.09.05-05.11.52:009][  0]LogModuleManager: Shutting down and abandoning module ContentBrowserClassDataSource (558)
[2026.09.05-05.11.52:009][  0]LogModuleManager: Shutting down and abandoning module ToolMenus (557)
[2026.09.05-05.11.52:009][  0]LogModuleManager: Shutting down and abandoning module ContentBrowserFileDataSource (554)
[2026.09.05-05.11.52:009][  0]LogModuleManager: Shutting down and abandoning module ScreenshotTools (552)
[2026.09.05-05.11.52:009][  0]LogModuleManager: Shutting down and abandoning module SynthesisEditor (550)
[2026.09.05-05.11.52:009][  0]LogModuleManager: Shutting down and abandoning module Synthesis (548)
[2026.09.05-05.11.52:010][  0]LogModuleManager: Shutting down and abandoning module ProceduralMeshComponentEditor (546)
[2026.09.05-05.11.52:010][  0]LogModuleManager: Shutting down and abandoning module ProceduralMeshComponent (544)
[2026.09.05-05.11.52:010][  0]LogModuleManager: Shutting down and abandoning module MobilePatchingUtils (542)
[2026.09.05-05.11.52:010][  0]LogModuleManager: Shutting down and abandoning module GooglePAD (540)
[2026.09.05-05.11.52:010][  0]LogModuleManager: Shutting down and abandoning module EditableMesh (538)
[2026.09.05-05.11.52:010][  0]LogModuleManager: Shutting down and abandoning module CableComponent (536)
[2026.09.05-05.11.52:011][  0]LogModuleManager: Shutting down and abandoning module CustomMeshComponent (534)
[2026.09.05-05.11.52:011][  0]LogModuleManager: Shutting down and abandoning module AudioCapture (532)
[2026.09.05-05.11.52:011][  0]LogModuleManager: Shutting down and abandoning module AudioCaptureRtAudio (531)
[2026.09.05-05.11.52:011][  0]LogModuleManager: Shutting down and abandoning module ActorLayerUtilitiesEditor (528)
[2026.09.05-05.11.52:011][  0]LogModuleManager: Shutting down and abandoning module ActorLayerUtilities (526)
[2026.09.05-05.11.52:011][  0]LogModuleManager: Shutting down and abandoning module AssetTags (524)
[2026.09.05-05.11.52:011][  0]LogModuleManager: Shutting down and abandoning module AppleImageUtilsBlueprintSupport (522)
[2026.09.05-05.11.52:013][  0]LogModuleManager: Shutting down and abandoning module AppleImageUtils (520)
[2026.09.05-05.11.52:013][  0]LogModuleManager: Shutting down and abandoning module ArchVisCharacter (518)
[2026.09.05-05.11.52:013][  0]LogModuleManager: Shutting down and abandoning module AndroidPermission (516)
[2026.09.05-05.11.52:013][  0]LogModuleManager: Shutting down and abandoning module TemplateSequence (514)
[2026.09.05-05.11.52:013][  0]LogModuleManager: Shutting down and abandoning module MotoSynthEditor (512)
[2026.09.05-05.11.52:013][  0]LogModuleManager: Shutting down and abandoning module MotoSynth (510)
[2026.09.05-05.11.52:013][  0]LogModuleManager: Shutting down and abandoning module OpenImageDenoise (508)
[2026.09.05-05.11.52:013][  0]LogOpenImageDenoise: OIDN shutting down
[2026.09.05-05.11.52:014][  0]LogModuleManager: Shutting down and abandoning module MeshConversion (506)
[2026.09.05-05.11.52:014][  0]LogModuleManager: Shutting down and abandoning module DynamicMesh (504)
[2026.09.05-05.11.52:014][  0]LogModuleManager: Shutting down and abandoning module GeometryAlgorithms (502)
[2026.09.05-05.11.52:014][  0]LogModuleManager: Shutting down and abandoning module GeometricObjects (500)
[2026.09.05-05.11.52:014][  0]LogModuleManager: Shutting down and abandoning module GeometryCacheTracks (498)
[2026.09.05-05.11.52:014][  0]LogModuleManager: Shutting down and abandoning module GeometryCacheStreamer (496)
[2026.09.05-05.11.52:015][  0]LogModuleManager: Shutting down and abandoning module GeometryCacheSequencer (494)
[2026.09.05-05.11.52:015][  0]LogModuleManager: Shutting down and abandoning module GeometryCollectionTracks (492)
[2026.09.05-05.11.52:015][  0]LogModuleManager: Shutting down and abandoning module GeometryCollectionSequencer (491)
[2026.09.05-05.11.52:015][  0]LogModuleManager: Shutting down and abandoning module GeometryCollectionEditor (488)
[2026.09.05-05.11.52:015][  0]LogModuleManager: Shutting down and abandoning module MediaCompositing (486)
[2026.09.05-05.11.52:015][  0]LogModuleManager: Shutting down and abandoning module ChaosClothEditor (484)
[2026.09.05-05.11.52:015][  0]LogModuleManager: Shutting down and abandoning module ChaosSolverEditor (482)
[2026.09.05-05.11.52:015][  0]LogModuleManager: Shutting down and abandoning module ChaosNiagara (480)
[2026.09.05-05.11.52:016][  0]LogModuleManager: Shutting down and abandoning module FractureEditor (478)
[2026.09.05-05.11.52:016][  0]LogModuleManager: Shutting down and abandoning module FieldSystemEngine (477)
[2026.09.05-05.11.52:016][  0]LogModuleManager: Shutting down and abandoning module AutomationUtilsEditor (474)
[2026.09.05-05.11.52:016][  0]LogModuleManager: Shutting down and abandoning module AutomationUtils (472)
[2026.09.05-05.11.52:016][  0]LogModuleManager: Shutting down and abandoning module AlembicImporter (470)
[2026.09.05-05.11.52:016][  0]LogModuleManager: Shutting down and abandoning module AlembicLibrary (469)
[2026.09.05-05.11.52:017][  0]LogModuleManager: Shutting down and abandoning module GeometryCache (468)
[2026.09.05-05.11.52:017][  0]LogModuleManager: Shutting down and abandoning module GeometryCacheEd (467)
[2026.09.05-05.11.52:017][  0]LogModuleManager: Shutting down and abandoning module SpeedTreeImporter (462)
[2026.09.05-05.11.52:017][  0]LogModuleManager: Shutting down and abandoning module MobileLauncherProfileWizard (460)
[2026.09.05-05.11.52:017][  0]LogModuleManager: Shutting down and abandoning module PluginBrowser (458)
[2026.09.05-05.11.52:017][  0]LogModuleManager: Shutting down and abandoning module MaterialAnalyzer (456)
[2026.09.05-05.11.52:018][  0]LogModuleManager: Shutting down and abandoning module EditorScriptingUtilities (454)
[2026.09.05-05.11.52:018][  0]LogModuleManager: Shutting down and abandoning module CurveEditorTools (452)
[2026.09.05-05.11.52:018][  0]LogModuleManager: Shutting down and abandoning module MagicLeapSharedWorld (450)
[2026.09.05-05.11.52:018][  0]LogModuleManager: Shutting down and abandoning module CryptoKeysOpenSSL (448)
[2026.09.05-05.11.52:018][  0]LogModuleManager: Shutting down and abandoning module CryptoKeys (446)
[2026.09.05-05.11.52:019][  0]LogModuleManager: Shutting down and abandoning module MagicLeapLightEstimation (444)
[2026.09.05-05.11.52:019][  0]LogModuleManager: Shutting down and abandoning module MagicLeapHelperVulkan (442)
[2026.09.05-05.11.52:019][  0]LogModuleManager: Shutting down and abandoning module MagicLeapHelperOpenGL (440)
[2026.09.05-05.11.52:019][  0]LogModuleManager: Shutting down and abandoning module MagicLeapAudio (438)
[2026.09.05-05.11.52:019][  0]LogModuleManager: Shutting down and abandoning module NiagaraEditorWidgets (436)
[2026.09.05-05.11.52:019][  0]LogModuleManager: Shutting down and abandoning module VisualStudioCodeSourceCodeAccess (434)
[2026.09.05-05.11.52:019][  0]LogModuleManager: Shutting down and abandoning module UObjectPlugin (432)
[2026.09.05-05.11.52:019][  0]LogModuleManager: Shutting down and abandoning module VisualStudioSourceCodeAccess (430)
[2026.09.05-05.11.52:019][  0]LogModuleManager: Shutting down and abandoning module OodleNetworkHandlerComponent (428)
[2026.09.05-05.11.52:019][  0]LogModuleManager: Shutting down and abandoning module SubversionSourceControl (426)
[2026.09.05-05.11.52:019][  0]LogModuleManager: Shutting down and abandoning module PlasticSourceControl (424)
[2026.09.05-05.11.52:020][  0]LogModuleManager: Shutting down and abandoning module PerforceSourceControl (422)
[2026.09.05-05.11.52:020][  0]LogModuleManager: Shutting down and abandoning module PluginUtils (420)
[2026.09.05-05.11.52:020][  0]LogModuleManager: Shutting down and abandoning module GitSourceControl (418)
[2026.09.05-05.11.52:020][  0]LogModuleManager: Shutting down and abandoning module SourceControl (417)
[2026.09.05-05.11.52:020][  0]LogModuleManager: Shutting down and abandoning module CLionSourceCodeAccess (414)
[2026.09.05-05.11.52:020][  0]LogModuleManager: Shutting down and abandoning module VariantManagerContentEditor (412)
[2026.09.05-05.11.52:021][  0]LogModuleManager: Shutting down and abandoning module AnimationSharingEd (410)
[2026.09.05-05.11.52:021][  0]LogModuleManager: Shutting down and abandoning module DatasmithContentEditor (408)
[2026.09.05-05.11.52:021][  0]LogModuleManager: Shutting down and abandoning module LightPropagationVolumeEditor (406)
[2026.09.05-05.11.52:021][  0]LogModuleManager: Shutting down and abandoning module PaperTiledImporter (404)
[2026.09.05-05.11.52:021][  0]LogModuleManager: Shutting down and abandoning module PaperSpriteSheetImporter (402)
[2026.09.05-05.11.52:021][  0]LogModuleManager: Shutting down and abandoning module Paper2DEditor (400)
[2026.09.05-05.11.52:021][  0]LogModuleManager: Shutting down and abandoning module MeshPaintingToolset (398)
[2026.09.05-05.11.52:023][  0]LogModuleManager: Shutting down and abandoning module MeshPaintEditorMode (396)
[2026.09.05-05.11.52:023][  0]LogModuleManager: Shutting down and abandoning module SQLiteCore (394)
[2026.09.05-05.11.52:023][  0]LogModuleManager: Shutting down and abandoning module SoundFields (392)
[2026.09.05-05.11.52:023][  0]LogModuleManager: Shutting down and abandoning module SignificanceManager (390)
[2026.09.05-05.11.52:023][  0]LogModuleManager: Shutting down and abandoning module RuntimePhysXCooking (388)
[2026.09.05-05.11.52:023][  0]LogModuleManager: Shutting down and abandoning module PropertyAccessEditor (386)
[2026.09.05-05.11.52:024][  0]LogModuleManager: Shutting down and abandoning module PhysXVehiclesEditor (384)
[2026.09.05-05.11.52:024][  0]LogModuleManager: Shutting down and abandoning module LocationServicesBPLibrary (380)
[2026.09.05-05.11.52:024][  0]LogModuleManager: Shutting down and abandoning module AudioSynesthesia (378)
[2026.09.05-05.11.52:024][  0]LogModuleManager: Shutting down and abandoning module AudioSynesthesiaCore (376)
[2026.09.05-05.11.52:024][  0]LogModuleManager: Shutting down and abandoning module ApexDestructionEditor (374)
[2026.09.05-05.11.52:024][  0]LogModuleManager: Shutting down and abandoning module ApexDestruction (372)
[2026.09.05-05.11.52:024][  0]LogModuleManager: Shutting down and abandoning module ActorSequence (370)
[2026.09.05-05.11.52:024][  0]LogModuleManager: Shutting down and abandoning module PythonScriptPlugin (368)
[2026.09.05-05.11.52:025][  0]LogModuleManager: Shutting down and abandoning module UdpMessaging (366)
[2026.09.05-05.11.52:025][  0]LogModuleManager: Shutting down and abandoning module TcpMessaging (364)
[2026.09.05-05.11.52:025][  0]LogModuleManager: Shutting down and abandoning module FacialAnimationEditor (362)
[2026.09.05-05.11.52:025][  0]LogModuleManager: Shutting down and abandoning module FacialAnimation (360)
[2026.09.05-05.11.52:025][  0]LogModuleManager: Shutting down and abandoning module GameplayTagsEditor (358)
[2026.09.05-05.11.52:025][  0]LogModuleManager: Shutting down and abandoning module DataValidation (356)
[2026.09.05-05.11.52:026][  0]LogModuleManager: Shutting down and abandoning module MagicLeapARPin (354)
[2026.09.05-05.11.52:026][  0]LogModuleManager: Shutting down and abandoning module AssetManagerEditor (352)
[2026.09.05-05.11.52:026][  0]LogModuleManager: Shutting down and abandoning module TreeMap (351)
[2026.09.05-05.11.52:026][  0]LogModuleManager: Shutting down and abandoning module MagicLeapHandMeshing (348)
[2026.09.05-05.11.52:026][  0]LogModuleManager: Shutting down and abandoning module MagicLeapSecureStorage (346)
[2026.09.05-05.11.52:026][  0]LogModuleManager: Shutting down and abandoning module MagicLeapPrivileges (344)
[2026.09.05-05.11.52:026][  0]LogModuleManager: Shutting down and abandoning module MagicLeapPlanes (342)
[2026.09.05-05.11.52:027][  0]LogMagicLeapPlanes: Planes tracker already destroyed.
[2026.09.05-05.11.52:027][  0]LogModuleManager: Shutting down and abandoning module MagicLeapImageTracker (340)
[2026.09.05-05.11.52:027][  0]LogModuleManager: Shutting down and abandoning module MagicLeapIdentity (338)
[2026.09.05-05.11.52:027][  0]LogModuleManager: Shutting down and abandoning module MagicLeapHandTracking (336)
[2026.09.05-05.11.52:027][  0]LogModuleManager: Shutting down and abandoning module MagicLeapEyeTracker (334)
[2026.09.05-05.11.52:027][  0]LogModuleManager: Shutting down and abandoning module MagicLeapController (332)
[2026.09.05-05.11.52:027][  0]LogModuleManager: Shutting down and abandoning module MagicLeapARPinImpl (330)
[2026.09.05-05.11.52:027][  0]LogModuleManager: Shutting down and abandoning module MagicLeapAR (328)
[2026.09.05-05.11.52:028][  0]LogModuleManager: Shutting down and abandoning module AugmentedReality (327)
[2026.09.05-05.11.52:028][  0]LogModuleManager: Shutting down and abandoning module NiagaraAnimNotifies (324)
[2026.09.05-05.11.52:028][  0]LogModuleManager: Shutting down and abandoning module Niagara (322)
[2026.09.05-05.11.52:028][  0]LogModuleManager: Shutting down and abandoning module SignalProcessing (321)
[2026.09.05-05.11.52:028][  0]LogModuleManager: Shutting down and abandoning module NiagaraEditor (319)
[2026.09.05-05.11.52:028][  0]LogModuleManager: Shutting down and abandoning module NiagaraCore (316)
[2026.09.05-05.11.52:029][  0]LogModuleManager: Shutting down and abandoning module PropertyAccessNode (314)
[2026.09.05-05.11.52:029][  0]LogModuleManager: Shutting down and abandoning module GameplayCameras (312)
[2026.09.05-05.11.52:029][  0]LogModuleManager: Shutting down and abandoning module AnimationSharing (310)
[2026.09.05-05.11.52:029][  0]LogModuleManager: Shutting down and abandoning module EnvironmentQueryEditor (308)
[2026.09.05-05.11.52:029][  0]LogModuleManager: Shutting down and abandoning module LightPropagationVolumeRuntime (306)
[2026.09.05-05.11.52:029][  0]LogModuleManager: Shutting down and abandoning module Paper2D (304)
[2026.09.05-05.11.52:029][  0]LogModuleManager: Shutting down and abandoning module NetworkReplayStreaming (302)
[2026.09.05-05.11.52:029][  0]LogModuleManager: Shutting down and abandoning module PacketHandler (300)
[2026.09.05-05.11.52:029][  0]LogModuleManager: Shutting down and abandoning module ClothingSystemEditor (298)
[2026.09.05-05.11.52:029][  0]LogModuleManager: Shutting down and abandoning module ClothingSystemRuntimeNv (296)
[2026.09.05-05.11.52:029][  0]LogModuleManager: Shutting down and abandoning module MediaAssets (294)
[2026.09.05-05.11.52:030][  0]LogModuleManager: Shutting down and abandoning module Overlay (292)
[2026.09.05-05.11.52:030][  0]LogModuleManager: Shutting down and abandoning module OverlayEditor (291)
[2026.09.05-05.11.52:030][  0]LogModuleManager: Shutting down and abandoning module Blutility (288)
[2026.09.05-05.11.52:030][  0]LogModuleManager: Shutting down and abandoning module LevelEditor (287)
[2026.09.05-05.11.52:031][  0]LogModuleManager: Shutting down and abandoning module PixelInspectorModule (286)
[2026.09.05-05.11.52:031][  0]LogModuleManager: Shutting down and abandoning module CommonMenuExtensions (284)
[2026.09.05-05.11.52:031][  0]LogModuleManager: Shutting down and abandoning module MainFrame (282)
[2026.09.05-05.11.52:031][  0]LogModuleManager: Shutting down and abandoning module HotReload (281)
[2026.09.05-05.11.52:031][  0]LogModuleManager: Shutting down and abandoning module ContentBrowser (277)
[2026.09.05-05.11.52:031][  0]LogModuleManager: Shutting down and abandoning module CollectionManager (276)
[2026.09.05-05.11.52:033][  0]LogModuleManager: Shutting down and abandoning module ContentBrowserData (274)
[2026.09.05-05.11.52:033][  0]LogModuleManager: Shutting down and abandoning module IntroTutorials (270)
[2026.09.05-05.11.52:033][  0]LogModuleManager: Shutting down and abandoning module VREditor (268)
[2026.09.05-05.11.52:033][  0]LogModuleManager: Shutting down and abandoning module StringTableEditor (266)
[2026.09.05-05.11.52:033][  0]LogModuleManager: Shutting down and abandoning module GameplayTasksEditor (264)
[2026.09.05-05.11.52:034][  0]LogModuleManager: Shutting down and abandoning module BehaviorTreeEditor (262)
[2026.09.05-05.11.52:034][  0]LogModuleManager: Shutting down and abandoning module FunctionalTesting (260)
[2026.09.05-05.11.52:034][  0]LogModuleManager: Shutting down and abandoning module CollisionAnalyzer (258)
[2026.09.05-05.11.52:034][  0]LogModuleManager: Shutting down and abandoning module WorkspaceMenuStructure (257)
[2026.09.05-05.11.52:034][  0]LogModuleManager: Shutting down and abandoning module UMG (254)
[2026.09.05-05.11.52:034][  0]LogModuleManager: Shutting down and abandoning module UMGEditor (253)
[2026.09.05-05.11.52:034][  0]LogModuleManager: Shutting down and abandoning module MessageLog (251)
[2026.09.05-05.11.52:035][  0]LogModuleManager: Shutting down and abandoning module SlateReflector (246)
[2026.09.05-05.11.52:035][  0]LogModuleManager: Shutting down and abandoning module Slate (244)
[2026.09.05-05.11.52:035][  0]LogModuleManager: Shutting down and abandoning module SlateCore (242)
[2026.09.05-05.11.52:035][  0]LogModuleManager: Shutting down and abandoning module LandscapeEditorUtilities (240)
[2026.09.05-05.11.52:035][  0]LogModuleManager: Shutting down and abandoning module UnrealEd (238)
[2026.09.05-05.11.52:035][  0]LogModuleManager: Shutting down and abandoning module MRMesh (236)
[2026.09.05-05.11.52:035][  0]LogModuleManager: Shutting down and abandoning module SourceCodeAccess (234)
[2026.09.05-05.11.52:035][  0]LogModuleManager: Shutting down and abandoning module HeadMountedDisplay (232)
[2026.09.05-05.11.52:035][  0]LogModuleManager: Shutting down and abandoning module XAudio2 (230)
[2026.09.05-05.11.52:035][  0]LogModuleManager: Shutting down and abandoning module Networking (228)
[2026.09.05-05.11.52:035][  0]LogModuleManager: Shutting down and abandoning module Core (226)
[2026.09.05-05.11.52:037][  0]LogModuleManager: Shutting down and abandoning module MaterialEditor (224)
[2026.09.05-05.11.52:037][  0]LogModuleManager: Shutting down and abandoning module Settings (223)
[2026.09.05-05.11.52:037][  0]LogModuleManager: Shutting down and abandoning module MovieSceneTools (220)
[2026.09.05-05.11.52:037][  0]LogModuleManager: Shutting down and abandoning module CurveEditor (219)
[2026.09.05-05.11.52:037][  0]LogModuleManager: Shutting down and abandoning module Sequencer (217)
[2026.09.05-05.11.52:037][  0]LogModuleManager: Shutting down and abandoning module EditorStyle (216)
[2026.09.05-05.11.52:038][  0]LogModuleManager: Shutting down and abandoning module KismetCompiler (212)
[2026.09.05-05.11.52:038][  0]LogModuleManager: Shutting down and abandoning module MeshBuilder (210)
[2026.09.05-05.11.52:038][  0]LogModuleManager: Shutting down and abandoning module MeshUtilities (208)
[2026.09.05-05.11.52:038][  0]LogModuleManager: Shutting down and abandoning module MeshMergeUtilities (207)
[2026.09.05-05.11.52:039][  0]LogModuleManager: Shutting down and abandoning module MeshReductionInterface (206)
[2026.09.05-05.11.52:039][  0]LogModuleManager: Shutting down and abandoning module MeshBoneReduction (205)
[2026.09.05-05.11.52:039][  0]LogModuleManager: Shutting down and abandoning module SkeletalMeshReduction (203)
[2026.09.05-05.11.52:039][  0]LogModuleManager: Shutting down and abandoning module ProxyLODMeshReduction (201)
[2026.09.05-05.11.52:039][  0]LogModuleManager: Shutting down and abandoning module QuadricMeshReduction (199)
[2026.09.05-05.11.52:039][  0]LogModuleManager: Shutting down and abandoning module MaterialBaking (195)
[2026.09.05-05.11.52:039][  0]LogModuleManager: Shutting down and abandoning module DirectoryWatcher (191)
[2026.09.05-05.11.52:039][  0]LogModuleManager: Shutting down and abandoning module NullInstallBundleManager (188)
[2026.09.05-05.11.52:040][  0]LogModuleManager: Shutting down and abandoning module DerivedDataCache (186)
[2026.09.05-05.11.52:040][  0]LogModuleManager: Shutting down and abandoning module TargetPlatform (184)
[2026.09.05-05.11.52:040][  0]LogModuleManager: Shutting down and abandoning module VulkanShaderFormat (183)
[2026.09.05-05.11.52:040][  0]LogModuleManager: Shutting down and abandoning module ShaderFormatVectorVM (181)
[2026.09.05-05.11.52:040][  0]LogModuleManager: Shutting down and abandoning module ShaderFormatOpenGL (179)
[2026.09.05-05.11.52:040][  0]LogModuleManager: Shutting down and abandoning module ShaderFormatD3D (177)
[2026.09.05-05.11.52:041][  0]LogModuleManager: Shutting down and abandoning module MetalShaderFormat (175)
[2026.09.05-05.11.52:041][  0]LogModuleManager: Shutting down and abandoning module TextureFormatOodle (173)
[2026.09.05-05.11.52:041][  0]LogModuleManager: Shutting down and abandoning module TextureFormatUncompressed (171)
[2026.09.05-05.11.52:041][  0]LogModuleManager: Shutting down and abandoning module TextureFormatPVR (169)
[2026.09.05-05.11.52:041][  0]LogModuleManager: Shutting down and abandoning module TextureFormatETC2 (167)
[2026.09.05-05.11.52:041][  0]LogModuleManager: Shutting down and abandoning module TextureFormatDXT (165)
[2026.09.05-05.11.52:041][  0]LogModuleManager: Shutting down and abandoning module TextureFormatIntelISPCTexComp (163)
[2026.09.05-05.11.52:042][  0]LogModuleManager: Shutting down and abandoning module TextureFormatASTC (161)
[2026.09.05-05.11.52:042][  0]LogModuleManager: Shutting down and abandoning module ImageWrapper (160)
[2026.09.05-05.11.52:042][  0]LogModuleManager: Shutting down and abandoning module AudioFormatOpus (157)
[2026.09.05-05.11.52:042][  0]LogModuleManager: Shutting down and abandoning module AudioFormatOgg (155)
[2026.09.05-05.11.52:042][  0]LogModuleManager: Shutting down and abandoning module AudioFormatADPCM (153)
[2026.09.05-05.11.52:042][  0]LogModuleManager: Shutting down and abandoning module WindowsServerTargetPlatform (151)
[2026.09.05-05.11.52:042][  0]LogModuleManager: Shutting down and abandoning module WindowsClientTargetPlatform (149)
[2026.09.05-05.11.52:043][  0]LogModuleManager: Shutting down and abandoning module WindowsTargetPlatform (147)
[2026.09.05-05.11.52:043][  0]LogModuleManager: Shutting down and abandoning module WindowsNoEditorTargetPlatform (145)
[2026.09.05-05.11.52:043][  0]LogModuleManager: Shutting down and abandoning module TVOSTargetPlatform (143)
[2026.09.05-05.11.52:043][  0]LogModuleManager: Shutting down and abandoning module MacServerTargetPlatform (141)
[2026.09.05-05.11.52:043][  0]LogModuleManager: Shutting down and abandoning module MacClientTargetPlatform (139)
[2026.09.05-05.11.52:044][  0]LogModuleManager: Shutting down and abandoning module MacTargetPlatform (137)
[2026.09.05-05.11.52:044][  0]LogModuleManager: Shutting down and abandoning module MacNoEditorTargetPlatform (135)
[2026.09.05-05.11.52:045][  0]LogModuleManager: Shutting down and abandoning module LuminTargetPlatform (133)
[2026.09.05-05.11.52:045][  0]LogModuleManager: Shutting down and abandoning module LinuxAArch64ServerTargetPlatform (131)
[2026.09.05-05.11.52:046][  0]LogModuleManager: Shutting down and abandoning module LinuxAArch64ClientTargetPlatform (129)
[2026.09.05-05.11.52:046][  0]LogModuleManager: Shutting down and abandoning module LinuxAArch64NoEditorTargetPlatform (127)
[2026.09.05-05.11.52:046][  0]LogModuleManager: Shutting down and abandoning module LinuxServerTargetPlatform (125)
[2026.09.05-05.11.52:046][  0]LogModuleManager: Shutting down and abandoning module LinuxClientTargetPlatform (123)
[2026.09.05-05.11.52:046][  0]LogModuleManager: Shutting down and abandoning module LinuxNoEditorTargetPlatform (121)
[2026.09.05-05.11.52:046][  0]LogModuleManager: Shutting down and abandoning module LinuxTargetPlatform (119)
[2026.09.05-05.11.52:047][  0]LogModuleManager: Shutting down and abandoning module Messaging (117)
[2026.09.05-05.11.52:047][  0]LogModuleManager: Shutting down and abandoning module IOSTargetPlatform (115)
[2026.09.05-05.11.52:047][  0]LogModuleManager: Shutting down and abandoning module AndroidTargetPlatform (113)
[2026.09.05-05.11.52:050][  0]LogModuleManager: Shutting down and abandoning module AllDesktopTargetPlatform (111)
[2026.09.05-05.11.52:051][  0]LogModuleManager: Shutting down and abandoning module NullDrv (108)
[2026.09.05-05.11.52:051][  0]LogModuleManager: Shutting down and abandoning module PhysXCooking (106)
[2026.09.05-05.11.52:051][  0]LogModuleManager: Shutting down and abandoning module Chaos (104)
[2026.09.05-05.11.52:051][  0]LogModuleManager: Shutting down and abandoning module WindowsPlatformFeatures (102)
[2026.09.05-05.11.52:051][  0]LogModuleManager: Shutting down and abandoning module GameplayMediaEncoder (101)
[2026.09.05-05.11.52:051][  0]LogModuleManager: Shutting down and abandoning module AVEncoder (100)
[2026.09.05-05.11.52:051][  0]LogModuleManager: Shutting down and abandoning module ExampleDeviceProfileSelector (96)
[2026.09.05-05.11.52:051][  0]LogModuleManager: Shutting down and abandoning module OnlineBlueprintSupport (94)
[2026.09.05-05.11.52:052][  0]LogModuleManager: Shutting down and abandoning module OnlineSubsystem (90)
[2026.09.05-05.11.52:053][  0]LogModuleManager: Shutting down and abandoning module XMPP (85)
[2026.09.05-05.11.52:053][  0]LogModuleManager: Shutting down and abandoning module WebSockets (84)
[2026.09.05-05.11.52:072][  0]LogModuleManager: Shutting down and abandoning module HTTP (81)
[2026.09.05-05.11.52:073][  0]LogHttp: Display: cleaning up 0 outstanding Http requests.
[2026.09.05-05.11.52:104][  0]LogModuleManager: Shutting down and abandoning module SSL (80)
[2026.09.05-05.11.52:105][  0]LogModuleManager: Shutting down and abandoning module ChunkDownloader (76)
[2026.09.05-05.11.52:105][  0]LogModuleManager: Shutting down and abandoning module LauncherChunkInstaller (74)
[2026.09.05-05.11.52:105][  0]LogModuleManager: Shutting down and abandoning module WmfMedia (72)
[2026.09.05-05.11.52:109][  0]LogModuleManager: Shutting down and abandoning module Media (71)
[2026.09.05-05.11.52:110][  0]LogModuleManager: Shutting down and abandoning module MediaInfo (70)
[2026.09.05-05.11.52:110][  0]LogModuleManager: Shutting down and abandoning module ExrReaderGpu (66)
[2026.09.05-05.11.52:110][  0]LogModuleManager: Shutting down and abandoning module ChaosCloth (64)
[2026.09.05-05.11.52:110][  0]LogModuleManager: Shutting down and abandoning module MLSDK (62)
[2026.09.05-05.11.52:111][  0]LogModuleManager: Shutting down and abandoning module MagicLeap (60)
[2026.09.05-05.11.52:111][  0]LogModuleManager: Shutting down and abandoning module NiagaraVertexFactories (58)
[2026.09.05-05.11.52:111][  0]LogModuleManager: Shutting down and abandoning module NiagaraShader (56)
[2026.09.05-05.11.52:111][  0]LogModuleManager: Shutting down and abandoning module PixWinPlugin (54)
[2026.09.05-05.11.52:111][  0]LogModuleManager: Shutting down and abandoning module VariantManagerContent (52)
[2026.09.05-05.11.52:111][  0]LogModuleManager: Shutting down and abandoning module DatasmithContent (50)
[2026.09.05-05.11.52:112][  0]LogModuleManager: Shutting down and abandoning module AISupportModule (48)
[2026.09.05-05.11.52:112][  0]LogModuleManager: Shutting down and abandoning module PythonScriptPluginPreload (46)
[2026.09.05-05.11.52:112][  0]LogModuleManager: Shutting down and abandoning module PlatformCryptoOpenSSL (44)
[2026.09.05-05.11.52:112][  0]LogModuleManager: Shutting down and abandoning module PlatformCryptoTypes (42)
[2026.09.05-05.11.52:113][  0]LogModuleManager: Shutting down and abandoning module PlatformCrypto (40)
[2026.09.05-05.11.52:113][  0]LogModuleManager: Shutting down and abandoning module OodleDataCompressionFormat (38)
[2026.09.05-05.11.52:113][  0]LogModuleManager: Shutting down and abandoning module XGEController (36)
[2026.09.05-05.11.52:113][  0]LogXGEController: Cleaning working directory: C:/Users/adace/UnrealXGEWorkingDir/
[2026.09.05-05.11.52:113][  0]LogModuleManager: Shutting down and abandoning module AnimationModifiers (34)
[2026.09.05-05.11.52:114][  0]LogModuleManager: Shutting down and abandoning module AudioEditor (32)
[2026.09.05-05.11.52:114][  0]LogModuleManager: Shutting down and abandoning module PropertyEditor (31)
[2026.09.05-05.11.52:114][  0]LogModuleManager: Shutting down and abandoning module TextureCompressor (28)
[2026.09.05-05.11.52:114][  0]LogModuleManager: Shutting down and abandoning module RenderCore (26)
[2026.09.05-05.11.52:115][  0]LogModuleManager: Shutting down and abandoning module Landscape (24)
[2026.09.05-05.11.52:115][  0]LogModuleManager: Shutting down and abandoning module SlateRHIRenderer (22)
[2026.09.05-05.11.52:115][  0]LogModuleManager: Shutting down and abandoning module AnimGraphRuntime (20)
[2026.09.05-05.11.52:115][  0]LogModuleManager: Shutting down and abandoning module Renderer (18)
[2026.09.05-05.11.52:115][  0]LogModuleManager: Shutting down and abandoning module Engine (16)
[2026.09.05-05.11.52:115][  0]LogModuleManager: Shutting down and abandoning module CoreUObject (14)
[2026.09.05-05.11.52:115][  0]LogModuleManager: Shutting down and abandoning module NetworkFile (12)
[2026.09.05-05.11.52:116][  0]LogModuleManager: Shutting down and abandoning module CookedIterativeFile (10)
[2026.09.05-05.11.52:116][  0]LogModuleManager: Shutting down and abandoning module StreamingFile (8)
[2026.09.05-05.11.52:116][  0]LogModuleManager: Shutting down and abandoning module SandboxFile (6)
[2026.09.05-05.11.52:116][  0]LogModuleManager: Shutting down and abandoning module PakFile (4)
[2026.09.05-05.11.52:116][  0]LogModuleManager: Shutting down and abandoning module RSA (3)
[2026.09.05-05.11.52:357][  0]LogContentStreaming: Display: There are 1 unreleased StreamingManagers
[2026.09.05-05.11.52:369][  0]LogExit: Exiting.
[2026.09.05-05.11.53:019][  0]Log file closed, 09/05/26 14:41:53
