Log file open, 09/05/26 14:44:03
LogWindows: Failed to load 'aqProf.dll' (GetLastError=126)
LogWindows: File 'aqProf.dll' does not exist
LogWindows: Failed to load 'VtuneApi.dll' (GetLastError=126)
LogWindows: File 'VtuneApi.dll' does not exist
LogWindows: Failed to load 'VtuneApi32e.dll' (GetLastError=126)
LogWindows: File 'VtuneApi32e.dll' does not exist
LogConsoleResponse: Display: Failed to find resolution value strings in scalability ini. Falling back to default.
LogConsoleResponse: Display: Failed to find resolution value strings in scalability ini. Falling back to default.
LogInit: Display: Running engine for game: Spyro_Bunnited
LogPlatformFile: Not using cached read wrapper
LogTaskGraph: Started task graph with 5 named threads and 47 total threads with 3 sets of task threads.
LogStats: Stats thread started at 0.226574
LogICUInternationalization: ICU TimeZone Detection - Raw Offset: +9:30, Platform Override: ''
LogInit: Display: Loading text-based GConfig....
LogPluginManager: Mounting plugin MeshPainting
LogPluginManager: Mounting plugin XGEController
LogPluginManager: Mounting plugin MegascansPlugin
LogPluginManager: Mounting plugin Paper2D
LogPluginManager: Mounting plugin GameplayCameras
LogPluginManager: Mounting plugin CameraShakePreviewer
LogPluginManager: Mounting plugin EnvironmentQueryEditor
LogPluginManager: Mounting plugin AISupport
LogPluginManager: Mounting plugin LightPropagationVolume
LogPluginManager: Mounting plugin AnimationSharing
LogPluginManager: Mounting plugin CLionSourceCodeAccess
LogPluginManager: Mounting plugin CodeLiteSourceCodeAccess
LogPluginManager: Mounting plugin PerforceSourceControl
LogPluginManager: Mounting plugin PlasticSourceControl
LogPluginManager: Mounting plugin GitSourceControl
LogPluginManager: Mounting plugin PixWinPlugin
LogPluginManager: Mounting plugin NullSourceCodeAccess
LogPluginManager: Mounting plugin PluginUtils
LogPluginManager: Mounting plugin PropertyAccessNode
LogPluginManager: Mounting plugin RiderSourceCodeAccess
LogPluginManager: Mounting plugin SubversionSourceControl
LogPluginManager: Mounting plugin KDevelopSourceCodeAccess
LogPluginManager: Mounting plugin TextureFormatOodle
LogPluginManager: Mounting plugin UObjectPlugin
LogPluginManager: Mounting plugin XCodeSourceCodeAccess
LogPluginManager: Mounting plugin VisualStudioSourceCodeAccess
LogPluginManager: Mounting plugin VisualStudioCodeSourceCodeAccess
LogPluginManager: Mounting plugin AssetManagerEditor
LogPluginManager: Mounting plugin CryptoKeys
LogPluginManager: Mounting plugin CurveEditorTools
LogPluginManager: Mounting plugin DataValidation
LogPluginManager: Mounting plugin EditorScriptingUtilities
LogPluginManager: Mounting plugin GameplayTagsEditor
LogPluginManager: Mounting plugin GeometryMode
LogPluginManager: Mounting plugin MacGraphicsSwitching
LogPluginManager: Mounting plugin FacialAnimation
LogPluginManager: Mounting plugin MaterialAnalyzer
LogPluginManager: Mounting plugin PluginBrowser
LogPluginManager: Mounting plugin OodleData
LogPluginManager: Mounting plugin OodleNetwork
LogPluginManager: Mounting plugin DatasmithContent
LogPluginManager: Mounting plugin MobileLauncherProfileWizard
LogPluginManager: Mounting plugin LuminPlatformFeatures
LogPluginManager: Mounting plugin MagicLeap
LogPluginManager: Mounting plugin MagicLeapLightEstimation
LogPluginManager: Mounting plugin MagicLeapMedia
LogPluginManager: Mounting plugin VariantManagerContent
LogPluginManager: Mounting plugin MagicLeapPassableWorld
LogPluginManager: Mounting plugin SpeedTreeImporter
LogPluginManager: Mounting plugin MLSDK
LogPluginManager: Mounting plugin AlembicImporter
LogPluginManager: Mounting plugin AutomationUtils
LogPluginManager: Mounting plugin BackChannel
LogPluginManager: Mounting plugin ChaosCloth
LogPluginManager: Mounting plugin Niagara
LogPluginManager: Mounting plugin AndroidMedia
LogPluginManager: Mounting plugin ChaosClothEditor
LogPluginManager: Mounting plugin AvfMedia
LogPluginManager: Mounting plugin ChaosEditor
LogPluginManager: Mounting plugin ChaosNiagara
LogPluginManager: Mounting plugin ChaosSolverPlugin
LogPluginManager: Mounting plugin CharacterAI
LogPluginManager: Mounting plugin ImgMedia
LogPluginManager: Mounting plugin MediaPlayerEditor
LogPluginManager: Mounting plugin WmfMedia
LogPluginManager: Mounting plugin MediaCompositing
LogPluginManager: Mounting plugin WebMMedia
LogPluginManager: Mounting plugin TcpMessaging
LogPluginManager: Mounting plugin ActorSequence
LogPluginManager: Mounting plugin MatineeToLevelSequence
LogPluginManager: Mounting plugin LevelSequenceEditor
LogPluginManager: Mounting plugin UdpMessaging
LogPluginManager: Mounting plugin TemplateSequence
LogPluginManager: Mounting plugin GeometryCache
LogPluginManager: Mounting plugin GeometryCollectionPlugin
LogPluginManager: Mounting plugin GeometryProcessing
LogPluginManager: Mounting plugin MotoSynth
LogPluginManager: Mounting plugin OpenImageDenoise
LogPluginManager: Mounting plugin ProxyLODPlugin
LogPluginManager: Mounting plugin PlatformCrypto
LogPluginManager: Mounting plugin PlanarCut
LogPluginManager: Mounting plugin PythonScriptPlugin
LogPluginManager: Mounting plugin LauncherChunkInstaller
LogPluginManager: Mounting plugin SkeletalReduction
LogPluginManager: Mounting plugin ActorLayerUtilities
LogPluginManager: Mounting plugin AndroidDeviceProfileSelector
LogPluginManager: Mounting plugin AndroidPermission
LogPluginManager: Mounting plugin ApexDestruction
LogPluginManager: Mounting plugin AppleImageUtils
LogPluginManager: Mounting plugin AndroidMoviePlayer
LogPluginManager: Mounting plugin AppleMoviePlayer
LogPluginManager: Mounting plugin AudioCapture
LogPluginManager: Mounting plugin ArchVisCharacter
LogPluginManager: Mounting plugin AssetTags
LogPluginManager: Mounting plugin ChunkDownloader
LogPluginManager: Mounting plugin CustomMeshComponent
LogPluginManager: Mounting plugin AudioSynesthesia
LogPluginManager: Mounting plugin EditableMesh
LogPluginManager: Mounting plugin CableComponent
LogPluginManager: Mounting plugin GoogleCloudMessaging
LogPluginManager: Mounting plugin OnlineSubsystem
LogPluginManager: Mounting plugin OnlineSubsystemNull
LogPluginManager: Mounting plugin OnlineSubsystemUtils
LogPluginManager: Mounting plugin ScreenshotTools
LogPluginManager: Mounting plugin GooglePAD
LogPluginManager: Mounting plugin LinuxDeviceProfileSelector
LogPluginManager: Mounting plugin IOSDeviceProfileSelector
LogPluginManager: Mounting plugin LocationServicesBPLibrary
LogPluginManager: Mounting plugin MobilePatchingUtils
LogPluginManager: Mounting plugin ExampleDeviceProfileSelector
LogPluginManager: Mounting plugin PhysXVehicles
LogPluginManager: Mounting plugin ProceduralMeshComponent
LogPluginManager: Mounting plugin PostSplashScreen
LogPluginManager: Mounting plugin PropertyAccessEditor
LogPluginManager: Mounting plugin SignificanceManager
LogPluginManager: Mounting plugin RuntimePhysXCooking
LogPluginManager: Mounting plugin SoundFields
LogPluginManager: Mounting plugin Synthesis
LogPluginManager: Mounting plugin WebMMoviePlayer
LogPluginManager: Mounting plugin WindowsMoviePlayer
LogPluginManager: Mounting plugin ContentBrowserAssetDataSource
LogPluginManager: Mounting plugin ContentBrowserFileDataSource
LogPluginManager: Mounting plugin ContentBrowserClassDataSource
LogPluginManager: Mounting plugin DatabaseSupport
LogPluginManager: Mounting plugin SQLiteSupport
LogPluginManager: Mounting plugin SQLiteCore
LogPluginManager: Mounting plugin OnlineSubsystemIOS
LogPluginManager: Mounting plugin OnlineSubsystemGooglePlay
LogPluginManager: Mounting plugin MMAEditorTools
LogPluginManager: Mounting plugin PS1IsoGate
LogPluginManager: Mounting plugin SM64Runtime
PixWinPlugin: PIX capture plugin failed to initialize! Check that the process is launched from PIX.
LogSsl: Warning: Unable to open ROOT certificate store. Platform provided certificates will not be used
LogInit: Using libcurl 7.55.1-DEV
LogInit:  - built for x86_64-pc-win32
LogInit:  - supports SSL with OpenSSL/1.1.1
LogInit:  - supports HTTP deflate (compression) using libz 1.2.8
LogInit:  - other features:
LogInit:      CURL_VERSION_SSL
LogInit:      CURL_VERSION_LIBZ
LogInit:      CURL_VERSION_IPV6
LogInit:      CURL_VERSION_ASYNCHDNS
LogInit:      CURL_VERSION_LARGEFILE
LogInit:      CURL_VERSION_IDN
LogInit:  CurlRequestOptions (configurable via config and command line):
LogInit:  - bVerifyPeer = true  - Libcurl will verify peer certificate
LogInit:  - bUseHttpProxy = false  - Libcurl will NOT use HTTP proxy
LogInit:  - bDontReuseConnections = false  - Libcurl will reuse connections
LogInit:  - MaxHostConnections = 16  - Libcurl will limit the number of connections to a host
LogInit:  - LocalHostAddr = Default
LogInit:  - BufferSize = 65536
LogOnline: OSS: Creating online subsystem instance for: NULL
LogInit: WinSock: version 1.1 (2.2), MaxSocks=32767, MaxUdp=65467
LogOnline: OSS: TryLoadSubsystemAndSetDefault: Loaded subsystem for module [NULL]
LogInit: Build: ++UE4+Release-4.27-CL-18319896
LogInit: Engine Version: 4.27.2-18319896+++UE4+Release-4.27
LogInit: Compatible Engine Version: 4.27.0-17155196+++UE4+Release-4.27
LogInit: Net CL: 17155196
LogInit: OS: Windows 10 (Release 2009) (), CPU: Intel(R) Core(TM) i5-14400F, GPU: NVIDIA GeForce GTX 1050
LogInit: Compiled (64-bit): Nov 30 2021 07:12:08
LogInit: Compiled with Visual C++: 19.24.28315.00
LogInit: Build Configuration: Development
LogInit: Branch Name: ++UE4+Release-4.27
LogInit: Command Line:  C:\Users\adace\Desktop\spyro-blowhards-revenge\Spyro_Bunnited.uproject -run=pythonscript -script=C:\Users\adace\Desktop\spyro-blowhards-revenge\Tools\MeshReview\audit_unreal.py -unattended -nop4 -nosplash -nullrhi -abslog=C:\Users\adace\Desktop\spyro-blowhards-revenge\Tools\MeshReview\ue_audit.log
LogInit: Base Directory: C:/Program Files/Epic Games/UE_4.27/Engine/Binaries/Win64/
LogInit: Allocator: TBB
LogInit: Installed Engine Build: 1
LogDevObjectVersion: Number of dev versions registered: 29
LogDevObjectVersion:   Dev-Blueprints (B0D832E4-1F89-4F0D-ACCF-7EB736FD4AA2): 10
LogDevObjectVersion:   Dev-Build (E1C64328-A22C-4D53-A36C-8E866417BD8C): 0
LogDevObjectVersion:   Dev-Core (375EC13C-06E4-48FB-B500-84F0262A717E): 4
LogDevObjectVersion:   Dev-Editor (E4B068ED-F494-42E9-A231-DA0B2E46BB41): 40
LogDevObjectVersion:   Dev-Framework (CFFC743F-43B0-4480-9391-14DF171D2073): 37
LogDevObjectVersion:   Dev-Mobile (B02B49B5-BB20-44E9-A304-32B752E40360): 3
LogDevObjectVersion:   Dev-Networking (A4E4105C-59A1-49B5-A7C5-40C4547EDFEE): 0
LogDevObjectVersion:   Dev-Online (39C831C9-5AE6-47DC-9A44-9C173E1C8E7C): 0
LogDevObjectVersion:   Dev-Physics (78F01B33-EBEA-4F98-B9B4-84EACCB95AA2): 14
LogDevObjectVersion:   Dev-Platform (6631380F-2D4D-43E0-8009-CF276956A95A): 0
LogDevObjectVersion:   Dev-Rendering (12F88B9F-8875-4AFC-A67C-D90C383ABD29): 45
LogDevObjectVersion:   Dev-Sequencer (7B5AE74C-D270-4C10-A958-57980B212A5A): 13
LogDevObjectVersion:   Dev-VR (D7296918-1DD6-4BDD-9DE2-64A83CC13884): 3
LogDevObjectVersion:   Dev-LoadTimes (C2A15278-BFE7-4AFE-6C17-90FF531DF755): 1
LogDevObjectVersion:   Private-Geometry (6EACA3D4-40EC-4CC1-B786-8BED09428FC5): 3
LogDevObjectVersion:   Dev-AnimPhys (29E575DD-E0A3-4627-9D10-D276232CDCEA): 17
LogDevObjectVersion:   Dev-Anim (AF43A65D-7FD3-4947-9873-3E8ED9C1BB05): 15
LogDevObjectVersion:   Dev-ReflectionCapture (6B266CEC-1EC7-4B8F-A30B-E4D90942FC07): 1
LogDevObjectVersion:   Dev-Automation (0DF73D61-A23F-47EA-B727-89E90C41499A): 1
LogDevObjectVersion:   FortniteMain (601D1886-AC64-4F84-AA16-D3DE0DEAC7D6): 47
LogDevObjectVersion:   FortniteRelease (E7086368-6B23-4C58-8439-1B7016265E91): 1
LogDevObjectVersion:   Dev-Enterprise (9DFFBCD6-494F-0158-E221-12823C92A888): 10
LogDevObjectVersion:   Dev-Niagara (F2AED0AC-9AFE-416F-8664-AA7FFA26D6FC): 1
LogDevObjectVersion:   Dev-Destruction (174F1F0B-B4C6-45A5-B13F-2EE8D0FB917D): 10
LogDevObjectVersion:   Dev-Physics-Ext (35F94A83-E258-406C-A318-09F59610247C): 41
LogDevObjectVersion:   Dev-PhysicsMaterial-Chaos (B68FC16E-8B1B-42E2-B453-215C058844FE): 1
LogDevObjectVersion:   Dev-CineCamera (B2E18506-4273-CFC2-A54E-F4BB758BBA07): 1
LogDevObjectVersion:   Dev-VirtualProduction (64F58936-FD1B-42BA-BA96-7289D5D0FA4E): 1
LogDevObjectVersion:   Dev-MediaFramework (6F0ED827-A609-4895-9C91-998D90180EA4): 2
LogInit: Presizing for max 25165824 objects, including 0 objects not considered by GC, pre-allocating 0 bytes for permanent pool.
LogConfig: Applying CVar settings from Section [/Script/Engine.StreamingSettings] File [C:/Users/adace/Desktop/spyro-blowhards-revenge/Saved/Config/Windows/Engine.ini]
LogConfig: Setting CVar [[s.MinBulkDataSizeForAsyncLoading:131072]]
LogConfig: Setting CVar [[s.AsyncLoadingThreadEnabled:0]]
LogConfig: Setting CVar [[s.EventDrivenLoaderEnabled:1]]
LogConfig: Setting CVar [[s.WarnIfTimeLimitExceeded:0]]
LogConfig: Setting CVar [[s.TimeLimitExceededMultiplier:1.5]]
LogConfig: Setting CVar [[s.TimeLimitExceededMinTime:0.005]]
LogConfig: Setting CVar [[s.UseBackgroundLevelStreaming:1]]
LogConfig: Setting CVar [[s.PriorityAsyncLoadingExtraTime:15.0]]
LogConfig: Setting CVar [[s.LevelStreamingActorsUpdateTimeLimit:5.0]]
LogConfig: Setting CVar [[s.PriorityLevelStreamingActorsUpdateExtraTime:5.0]]
LogConfig: Setting CVar [[s.LevelStreamingComponentsRegistrationGranularity:10]]
LogConfig: Setting CVar [[s.UnregisterComponentsTimeLimit:1.0]]
LogConfig: Setting CVar [[s.LevelStreamingComponentsUnregistrationGranularity:5]]
LogConfig: Setting CVar [[s.FlushStreamingOnExit:1]]
LogInit: Object subsystem initialized
LogConfig: Setting CVar [[con.DebugEarlyDefault:1]]
LogConfig: Setting CVar [[r.setres:1280x720]]
[2026.09.05-05.14.03:681][  0]LogConfig: Setting CVar [[con.DebugEarlyDefault:1]]
[2026.09.05-05.14.03:681][  0]LogConfig: Setting CVar [[r.setres:1280x720]]
[2026.09.05-05.14.03:681][  0]LogConfig: Applying CVar settings from Section [/Script/Engine.RendererSettings] File [C:/Users/adace/Desktop/spyro-blowhards-revenge/Saved/Config/Windows/Engine.ini]
[2026.09.05-05.14.03:681][  0]LogConfig: Setting CVar [[r.GPUCrashDebugging:0]]
[2026.09.05-05.14.03:682][  0]LogConfig: Setting CVar [[r.DefaultFeature.MotionBlur:0]]
[2026.09.05-05.14.03:682][  0]LogConfig: Setting CVar [[r.CustomDepth:3]]
[2026.09.05-05.14.03:682][  0]LogConfig: Setting CVar [[r.DefaultFeature.AntiAliasing:0]]
[2026.09.05-05.14.03:682][  0]LogConfig: Setting CVar [[r.GenerateMeshDistanceFields:1]]
[2026.09.05-05.14.03:682][  0]LogConfig: Setting CVar [[r.DistanceFieldBuild.EightBit:1]]
[2026.09.05-05.14.03:682][  0]LogConfig: Applying CVar settings from Section [/Script/Engine.RendererOverrideSettings] File [C:/Users/adace/Desktop/spyro-blowhards-revenge/Saved/Config/Windows/Engine.ini]
[2026.09.05-05.14.03:682][  0]LogConfig: Applying CVar settings from Section [/Script/Engine.StreamingSettings] File [C:/Users/adace/Desktop/spyro-blowhards-revenge/Saved/Config/Windows/Engine.ini]
[2026.09.05-05.14.03:682][  0]LogConfig: Setting CVar [[s.MinBulkDataSizeForAsyncLoading:131072]]
[2026.09.05-05.14.03:682][  0]LogConfig: Setting CVar [[s.AsyncLoadingThreadEnabled:0]]
[2026.09.05-05.14.03:682][  0]LogConfig: Setting CVar [[s.EventDrivenLoaderEnabled:1]]
[2026.09.05-05.14.03:682][  0]LogConfig: Setting CVar [[s.WarnIfTimeLimitExceeded:0]]
[2026.09.05-05.14.03:682][  0]LogConfig: Setting CVar [[s.TimeLimitExceededMultiplier:1.5]]
[2026.09.05-05.14.03:682][  0]LogConfig: Setting CVar [[s.TimeLimitExceededMinTime:0.005]]
[2026.09.05-05.14.03:682][  0]LogConfig: Setting CVar [[s.UseBackgroundLevelStreaming:1]]
[2026.09.05-05.14.03:682][  0]LogConfig: Setting CVar [[s.PriorityAsyncLoadingExtraTime:15.0]]
[2026.09.05-05.14.03:682][  0]LogConfig: Setting CVar [[s.LevelStreamingActorsUpdateTimeLimit:5.0]]
[2026.09.05-05.14.03:682][  0]LogConfig: Setting CVar [[s.PriorityLevelStreamingActorsUpdateExtraTime:5.0]]
[2026.09.05-05.14.03:682][  0]LogConfig: Setting CVar [[s.LevelStreamingComponentsRegistrationGranularity:10]]
[2026.09.05-05.14.03:682][  0]LogConfig: Setting CVar [[s.UnregisterComponentsTimeLimit:1.0]]
[2026.09.05-05.14.03:682][  0]LogConfig: Setting CVar [[s.LevelStreamingComponentsUnregistrationGranularity:5]]
[2026.09.05-05.14.03:682][  0]LogConfig: Setting CVar [[s.FlushStreamingOnExit:1]]
[2026.09.05-05.14.03:682][  0]LogConfig: Applying CVar settings from Section [/Script/Engine.GarbageCollectionSettings] File [C:/Users/adace/Desktop/spyro-blowhards-revenge/Saved/Config/Windows/Engine.ini]
[2026.09.05-05.14.03:682][  0]LogConfig: Setting CVar [[gc.MaxObjectsNotConsideredByGC:1]]
[2026.09.05-05.14.03:682][  0]LogConfig: Setting CVar [[gc.SizeOfPermanentObjectPool:0]]
[2026.09.05-05.14.03:682][  0]LogConfig: Setting CVar [[gc.FlushStreamingOnGC:0]]
[2026.09.05-05.14.03:682][  0]LogConfig: Setting CVar [[gc.NumRetriesBeforeForcingGC:10]]
[2026.09.05-05.14.03:682][  0]LogConfig: Setting CVar [[gc.AllowParallelGC:1]]
[2026.09.05-05.14.03:682][  0]LogConfig: Setting CVar [[gc.TimeBetweenPurgingPendingKillObjects:61.1]]
[2026.09.05-05.14.03:682][  0]LogConfig: Setting CVar [[gc.MaxObjectsInEditor:25165824]]
[2026.09.05-05.14.03:682][  0]LogConfig: Setting CVar [[gc.IncrementalBeginDestroyEnabled:1]]
[2026.09.05-05.14.03:682][  0]LogConfig: Setting CVar [[gc.CreateGCClusters:1]]
[2026.09.05-05.14.03:682][  0]LogConfig: Setting CVar [[gc.MinGCClusterSize:5]]
[2026.09.05-05.14.03:682][  0]LogConfig: Setting CVar [[gc.ActorClusteringEnabled:0]]
[2026.09.05-05.14.03:682][  0]LogConfig: Setting CVar [[gc.BlueprintClusteringEnabled:0]]
[2026.09.05-05.14.03:682][  0]LogConfig: Setting CVar [[gc.UseDisregardForGCOnDedicatedServers:0]]
[2026.09.05-05.14.03:682][  0]LogConfig: Setting CVar [[gc.MultithreadedDestructionEnabled:1]]
[2026.09.05-05.14.03:682][  0]LogConfig: Applying CVar settings from Section [/Script/Engine.NetworkSettings] File [C:/Users/adace/Desktop/spyro-blowhards-revenge/Saved/Config/Windows/Engine.ini]
[2026.09.05-05.14.03:682][  0]LogConfig: Applying CVar settings from Section [/Script/UnrealEd.CookerSettings] File [C:/Users/adace/Desktop/spyro-blowhards-revenge/Saved/Config/Windows/Engine.ini]
[2026.09.05-05.14.03:682][  0]LogConfig: Applying CVar settings from Section [ViewDistanceQuality@3] File [C:/Users/adace/Desktop/spyro-blowhards-revenge/Saved/Config/Windows/Scalability.ini]
[2026.09.05-05.14.03:682][  0]LogConfig: Setting CVar [[r.SkeletalMeshLODBias:0]]
[2026.09.05-05.14.03:682][  0]LogConfig: Setting CVar [[r.ViewDistanceScale:1.0]]
[2026.09.05-05.14.03:682][  0]LogConfig: Applying CVar settings from Section [AntiAliasingQuality@3] File [C:/Users/adace/Desktop/spyro-blowhards-revenge/Saved/Config/Windows/Scalability.ini]
[2026.09.05-05.14.03:682][  0]LogConfig: Setting CVar [[r.PostProcessAAQuality:4]]
[2026.09.05-05.14.03:682][  0]LogConfig: Applying CVar settings from Section [ShadowQuality@3] File [C:/Users/adace/Desktop/spyro-blowhards-revenge/Saved/Config/Windows/Scalability.ini]
[2026.09.05-05.14.03:682][  0]LogConfig: Setting CVar [[r.LightFunctionQuality:1]]
[2026.09.05-05.14.03:682][  0]LogConfig: Setting CVar [[r.ShadowQuality:5]]
[2026.09.05-05.14.03:682][  0]LogConfig: Setting CVar [[r.Shadow.CSM.MaxCascades:10]]
[2026.09.05-05.14.03:682][  0]LogConfig: Setting CVar [[r.Shadow.MaxResolution:2048]]
[2026.09.05-05.14.03:682][  0]LogConfig: Setting CVar [[r.Shadow.MaxCSMResolution:2048]]
[2026.09.05-05.14.03:682][  0]LogConfig: Setting CVar [[r.Shadow.RadiusThreshold:0.01]]
[2026.09.05-05.14.03:682][  0]LogConfig: Setting CVar [[r.Shadow.DistanceScale:1.0]]
[2026.09.05-05.14.03:682][  0]LogConfig: Setting CVar [[r.Shadow.CSM.TransitionScale:1.0]]
[2026.09.05-05.14.03:682][  0]LogConfig: Setting CVar [[r.Shadow.PreShadowResolutionFactor:1.0]]
[2026.09.05-05.14.03:682][  0]LogConfig: Setting CVar [[r.DistanceFieldShadowing:1]]
[2026.09.05-05.14.03:682][  0]LogConfig: Setting CVar [[r.DistanceFieldAO:1]]
[2026.09.05-05.14.03:682][  0]LogConfig: Setting CVar [[r.AOQuality:2]]
[2026.09.05-05.14.03:682][  0]LogConfig: Setting CVar [[r.VolumetricFog:1]]
[2026.09.05-05.14.03:682][  0]LogConfig: Setting CVar [[r.VolumetricFog.GridPixelSize:8]]
[2026.09.05-05.14.03:682][  0]LogConfig: Setting CVar [[r.VolumetricFog.GridSizeZ:128]]
[2026.09.05-05.14.03:682][  0]LogConfig: Setting CVar [[r.VolumetricFog.HistoryMissSupersampleCount:4]]
[2026.09.05-05.14.03:682][  0]LogConfig: Setting CVar [[r.LightMaxDrawDistanceScale:1]]
[2026.09.05-05.14.03:682][  0]LogConfig: Setting CVar [[r.CapsuleShadows:1]]
[2026.09.05-05.14.03:682][  0]LogConfig: Applying CVar settings from Section [PostProcessQuality@3] File [C:/Users/adace/Desktop/spyro-blowhards-revenge/Saved/Config/Windows/Scalability.ini]
[2026.09.05-05.14.03:682][  0]LogConfig: Setting CVar [[r.MotionBlurQuality:4]]
[2026.09.05-05.14.03:682][  0]LogConfig: Setting CVar [[r.AmbientOcclusionMipLevelFactor:0.4]]
[2026.09.05-05.14.03:682][  0]LogConfig: Setting CVar [[r.AmbientOcclusionMaxQuality:100]]
[2026.09.05-05.14.03:682][  0]LogConfig: Setting CVar [[r.AmbientOcclusionLevels:-1]]
[2026.09.05-05.14.03:682][  0]LogConfig: Setting CVar [[r.AmbientOcclusionRadiusScale:1.0]]
[2026.09.05-05.14.03:682][  0]LogConfig: Setting CVar [[r.DepthOfFieldQuality:2]]
[2026.09.05-05.14.03:682][  0]LogConfig: Setting CVar [[r.RenderTargetPoolMin:400]]
[2026.09.05-05.14.03:682][  0]LogConfig: Setting CVar [[r.LensFlareQuality:2]]
[2026.09.05-05.14.03:682][  0]LogConfig: Setting CVar [[r.SceneColorFringeQuality:1]]
[2026.09.05-05.14.03:682][  0]LogConfig: Setting CVar [[r.EyeAdaptationQuality:2]]
[2026.09.05-05.14.03:682][  0]LogConfig: Setting CVar [[r.BloomQuality:5]]
[2026.09.05-05.14.03:682][  0]LogConfig: Setting CVar [[r.FastBlurThreshold:100]]
[2026.09.05-05.14.03:682][  0]LogConfig: Setting CVar [[r.Upscale.Quality:3]]
[2026.09.05-05.14.03:682][  0]LogConfig: Setting CVar [[r.Tonemapper.GrainQuantization:1]]
[2026.09.05-05.14.03:682][  0]LogConfig: Setting CVar [[r.LightShaftQuality:1]]
[2026.09.05-05.14.03:682][  0]LogConfig: Setting CVar [[r.Filter.SizeScale:1]]
[2026.09.05-05.14.03:682][  0]LogConfig: Setting CVar [[r.Tonemapper.Quality:5]]
[2026.09.05-05.14.03:682][  0]LogConfig: Setting CVar [[r.DOF.Gather.AccumulatorQuality:1        ; higher gathering accumulator quality]]
[2026.09.05-05.14.03:682][  0]LogConfig: Setting CVar [[r.DOF.Gather.PostfilterMethod:1          ; Median3x3 postfilering method]]
[2026.09.05-05.14.03:682][  0]LogConfig: Setting CVar [[r.DOF.Gather.EnableBokehSettings:0       ; no bokeh simulation when gathering]]
[2026.09.05-05.14.03:682][  0]LogConfig: Setting CVar [[r.DOF.Gather.RingCount:4                 ; medium number of samples when gathering]]
[2026.09.05-05.14.03:682][  0]LogConfig: Setting CVar [[r.DOF.Scatter.ForegroundCompositing:1    ; additive foreground scattering]]
[2026.09.05-05.14.03:682][  0]LogConfig: Setting CVar [[r.DOF.Scatter.BackgroundCompositing:2    ; additive background scattering]]
[2026.09.05-05.14.03:682][  0]LogConfig: Setting CVar [[r.DOF.Scatter.EnableBokehSettings:1      ; bokeh simulation when scattering]]
[2026.09.05-05.14.03:682][  0]LogConfig: Setting CVar [[r.DOF.Scatter.MaxSpriteRatio:0.1         ; only a maximum of 10% of scattered bokeh]]
[2026.09.05-05.14.03:682][  0]LogConfig: Setting CVar [[r.DOF.Recombine.Quality:1                ; cheap slight out of focus]]
[2026.09.05-05.14.03:682][  0]LogConfig: Setting CVar [[r.DOF.Recombine.EnableBokehSettings:0    ; no bokeh simulation on slight out of focus]]
[2026.09.05-05.14.03:682][  0]LogConfig: Setting CVar [[r.DOF.TemporalAAQuality:1                ; more stable temporal accumulation]]
[2026.09.05-05.14.03:682][  0]LogConfig: Setting CVar [[r.DOF.Kernel.MaxForegroundRadius:0.025]]
[2026.09.05-05.14.03:682][  0]LogConfig: Setting CVar [[r.DOF.Kernel.MaxBackgroundRadius:0.025]]
[2026.09.05-05.14.03:682][  0]LogConfig: Applying CVar settings from Section [TextureQuality@3] File [C:/Users/adace/Desktop/spyro-blowhards-revenge/Saved/Config/Windows/Scalability.ini]
[2026.09.05-05.14.03:682][  0]LogConfig: Setting CVar [[r.Streaming.MipBias:0]]
[2026.09.05-05.14.03:682][  0]LogConfig: Setting CVar [[r.Streaming.AmortizeCPUToGPUCopy:0]]
[2026.09.05-05.14.03:682][  0]LogConfig: Setting CVar [[r.Streaming.MaxNumTexturesToStreamPerFrame:0]]
[2026.09.05-05.14.03:682][  0]LogConfig: Setting CVar [[r.Streaming.Boost:1]]
[2026.09.05-05.14.03:682][  0]LogConfig: Setting CVar [[r.MaxAnisotropy:8]]
[2026.09.05-05.14.03:682][  0]LogConfig: Setting CVar [[r.VT.MaxAnisotropy:8]]
[2026.09.05-05.14.03:682][  0]LogConfig: Setting CVar [[r.Streaming.LimitPoolSizeToVRAM:0]]
[2026.09.05-05.14.03:682][  0]LogConfig: Setting CVar [[r.Streaming.PoolSize:1000]]
[2026.09.05-05.14.03:682][  0]LogConfig: Setting CVar [[r.Streaming.MaxEffectiveScreenSize:0]]
[2026.09.05-05.14.03:682][  0]LogConfig: Applying CVar settings from Section [EffectsQuality@3] File [C:/Users/adace/Desktop/spyro-blowhards-revenge/Saved/Config/Windows/Scalability.ini]
[2026.09.05-05.14.03:682][  0]LogConfig: Setting CVar [[r.TranslucencyLightingVolumeDim:64]]
[2026.09.05-05.14.03:682][  0]LogConfig: Setting CVar [[r.RefractionQuality:2]]
[2026.09.05-05.14.03:682][  0]LogConfig: Setting CVar [[r.SSR.Quality:3]]
[2026.09.05-05.14.03:682][  0]LogConfig: Setting CVar [[r.SSR.HalfResSceneColor:0]]
[2026.09.05-05.14.03:682][  0]LogConfig: Setting CVar [[r.SceneColorFormat:4]]
[2026.09.05-05.14.03:682][  0]LogConfig: Setting CVar [[r.DetailMode:2]]
[2026.09.05-05.14.03:682][  0]LogConfig: Setting CVar [[r.TranslucencyVolumeBlur:1]]
[2026.09.05-05.14.03:682][  0]LogConfig: Setting CVar [[r.MaterialQualityLevel:1 ; High quality]]
[2026.09.05-05.14.03:682][  0]LogConfig: Setting CVar [[r.AnisotropicMaterials:1]]
[2026.09.05-05.14.03:682][  0]LogConfig: Setting CVar [[r.SSS.Scale:1]]
[2026.09.05-05.14.03:682][  0]LogConfig: Setting CVar [[r.SSS.SampleSet:2]]
[2026.09.05-05.14.03:682][  0]LogConfig: Setting CVar [[r.SSS.Quality:1]]
[2026.09.05-05.14.03:682][  0]LogConfig: Setting CVar [[r.SSS.HalfRes:0]]
[2026.09.05-05.14.03:682][  0]LogConfig: Setting CVar [[r.SSGI.Quality:3]]
[2026.09.05-05.14.03:682][  0]LogConfig: Setting CVar [[r.EmitterSpawnRateScale:1.0]]
[2026.09.05-05.14.03:682][  0]LogConfig: Setting CVar [[r.ParticleLightQuality:2]]
[2026.09.05-05.14.03:682][  0]LogConfig: Setting CVar [[r.SkyAtmosphere.AerialPerspectiveLUT.FastApplyOnOpaque:1 ; Always have FastSkyLUT 1 in this case to avoid wrong sky]]
[2026.09.05-05.14.03:682][  0]LogConfig: Setting CVar [[r.SkyAtmosphere.AerialPerspectiveLUT.SampleCountMaxPerSlice:4]]
[2026.09.05-05.14.03:682][  0]LogConfig: Setting CVar [[r.SkyAtmosphere.AerialPerspectiveLUT.DepthResolution:16.0]]
[2026.09.05-05.14.03:682][  0]LogConfig: Setting CVar [[r.SkyAtmosphere.FastSkyLUT:1]]
[2026.09.05-05.14.03:682][  0]LogConfig: Setting CVar [[r.SkyAtmosphere.FastSkyLUT.SampleCountMin:4.0]]
[2026.09.05-05.14.03:682][  0]LogConfig: Setting CVar [[r.SkyAtmosphere.FastSkyLUT.SampleCountMax:128.0]]
[2026.09.05-05.14.03:682][  0]LogConfig: Setting CVar [[r.SkyAtmosphere.SampleCountMin:4.0]]
[2026.09.05-05.14.03:682][  0]LogConfig: Setting CVar [[r.SkyAtmosphere.SampleCountMax:128.0]]
[2026.09.05-05.14.03:682][  0]LogConfig: Setting CVar [[r.SkyAtmosphere.TransmittanceLUT.UseSmallFormat:0]]
[2026.09.05-05.14.03:682][  0]LogConfig: Setting CVar [[r.SkyAtmosphere.TransmittanceLUT.SampleCount:10.0]]
[2026.09.05-05.14.03:683][  0]LogConfig: Setting CVar [[r.SkyAtmosphere.MultiScatteringLUT.SampleCount:15.0]]
[2026.09.05-05.14.03:683][  0]LogConfig: Setting CVar [[r.SkyLight.RealTimeReflectionCapture:1]]
[2026.09.05-05.14.03:683][  0]LogConfig: Applying CVar settings from Section [FoliageQuality@3] File [C:/Users/adace/Desktop/spyro-blowhards-revenge/Saved/Config/Windows/Scalability.ini]
[2026.09.05-05.14.03:683][  0]LogConfig: Setting CVar [[foliage.DensityScale:1.0]]
[2026.09.05-05.14.03:683][  0]LogConfig: Setting CVar [[grass.DensityScale:1.0]]
[2026.09.05-05.14.03:683][  0]LogConfig: Applying CVar settings from Section [ShadingQuality@3] File [C:/Users/adace/Desktop/spyro-blowhards-revenge/Saved/Config/Windows/Scalability.ini]
[2026.09.05-05.14.03:683][  0]LogConfig: Setting CVar [[r.HairStrands.SkyLighting.IntegrationType:2]]
[2026.09.05-05.14.03:683][  0]LogConfig: Setting CVar [[r.HairStrands.SkyAO.SampleCount:4]]
[2026.09.05-05.14.03:683][  0]LogConfig: Setting CVar [[r.HairStrands.Visibility.MSAA.SamplePerPixel:4]]
[2026.09.05-05.14.03:685][  0]LogInit: Selected Device Profile: [Windows]
[2026.09.05-05.14.03:685][  0]LogInit: Applying CVar settings loaded from the selected device profile: [Windows]
[2026.09.05-05.14.03:685][  0]LogHAL: Display: Platform has ~ 32 GB [34191212544 / 34359738368 / 32], which maps to Largest [LargestMinGB=32, LargerMinGB=12, DefaultMinGB=8, SmallerMinGB=6, SmallestMinGB=0)
[2026.09.05-05.14.03:685][  0]LogInit: Going up to parent DeviceProfile []
[2026.09.05-05.14.03:685][  0]LogConfig: Applying CVar settings from Section [ViewDistanceQuality@3] File [C:/Users/adace/Desktop/spyro-blowhards-revenge/Saved/Config/Windows/Scalability.ini]
[2026.09.05-05.14.03:685][  0]LogConfig: Setting CVar [[r.SkeletalMeshLODBias:0]]
[2026.09.05-05.14.03:685][  0]LogConfig: Setting CVar [[r.ViewDistanceScale:1.0]]
[2026.09.05-05.14.03:685][  0]LogConfig: Applying CVar settings from Section [AntiAliasingQuality@0] File [C:/Users/adace/Desktop/spyro-blowhards-revenge/Saved/Config/Windows/Scalability.ini]
[2026.09.05-05.14.03:685][  0]LogConfig: Setting CVar [[r.PostProcessAAQuality:0]]
[2026.09.05-05.14.03:685][  0]LogConfig: Applying CVar settings from Section [ShadowQuality@3] File [C:/Users/adace/Desktop/spyro-blowhards-revenge/Saved/Config/Windows/Scalability.ini]
[2026.09.05-05.14.03:685][  0]LogConfig: Setting CVar [[r.LightFunctionQuality:1]]
[2026.09.05-05.14.03:685][  0]LogConfig: Setting CVar [[r.ShadowQuality:5]]
[2026.09.05-05.14.03:685][  0]LogConfig: Setting CVar [[r.Shadow.CSM.MaxCascades:10]]
[2026.09.05-05.14.03:685][  0]LogConfig: Setting CVar [[r.Shadow.MaxResolution:2048]]
[2026.09.05-05.14.03:685][  0]LogConfig: Setting CVar [[r.Shadow.MaxCSMResolution:2048]]
[2026.09.05-05.14.03:685][  0]LogConfig: Setting CVar [[r.Shadow.RadiusThreshold:0.01]]
[2026.09.05-05.14.03:685][  0]LogConfig: Setting CVar [[r.Shadow.DistanceScale:1.0]]
[2026.09.05-05.14.03:685][  0]LogConfig: Setting CVar [[r.Shadow.CSM.TransitionScale:1.0]]
[2026.09.05-05.14.03:685][  0]LogConfig: Setting CVar [[r.Shadow.PreShadowResolutionFactor:1.0]]
[2026.09.05-05.14.03:685][  0]LogConfig: Setting CVar [[r.DistanceFieldShadowing:1]]
[2026.09.05-05.14.03:685][  0]LogConfig: Setting CVar [[r.DistanceFieldAO:1]]
[2026.09.05-05.14.03:685][  0]LogConfig: Setting CVar [[r.AOQuality:2]]
[2026.09.05-05.14.03:685][  0]LogConfig: Setting CVar [[r.VolumetricFog:1]]
[2026.09.05-05.14.03:685][  0]LogConfig: Setting CVar [[r.VolumetricFog.GridPixelSize:8]]
[2026.09.05-05.14.03:685][  0]LogConfig: Setting CVar [[r.VolumetricFog.GridSizeZ:128]]
[2026.09.05-05.14.03:685][  0]LogConfig: Setting CVar [[r.VolumetricFog.HistoryMissSupersampleCount:4]]
[2026.09.05-05.14.03:685][  0]LogConfig: Setting CVar [[r.LightMaxDrawDistanceScale:1]]
[2026.09.05-05.14.03:685][  0]LogConfig: Setting CVar [[r.CapsuleShadows:1]]
[2026.09.05-05.14.03:685][  0]LogConfig: Applying CVar settings from Section [PostProcessQuality@3] File [C:/Users/adace/Desktop/spyro-blowhards-revenge/Saved/Config/Windows/Scalability.ini]
[2026.09.05-05.14.03:685][  0]LogConfig: Setting CVar [[r.MotionBlurQuality:4]]
[2026.09.05-05.14.03:685][  0]LogConfig: Setting CVar [[r.AmbientOcclusionMipLevelFactor:0.4]]
[2026.09.05-05.14.03:685][  0]LogConfig: Setting CVar [[r.AmbientOcclusionMaxQuality:100]]
[2026.09.05-05.14.03:685][  0]LogConfig: Setting CVar [[r.AmbientOcclusionLevels:-1]]
[2026.09.05-05.14.03:685][  0]LogConfig: Setting CVar [[r.AmbientOcclusionRadiusScale:1.0]]
[2026.09.05-05.14.03:685][  0]LogConfig: Setting CVar [[r.DepthOfFieldQuality:2]]
[2026.09.05-05.14.03:685][  0]LogConfig: Setting CVar [[r.RenderTargetPoolMin:400]]
[2026.09.05-05.14.03:685][  0]LogConfig: Setting CVar [[r.LensFlareQuality:2]]
[2026.09.05-05.14.03:685][  0]LogConfig: Setting CVar [[r.SceneColorFringeQuality:1]]
[2026.09.05-05.14.03:685][  0]LogConfig: Setting CVar [[r.EyeAdaptationQuality:2]]
[2026.09.05-05.14.03:685][  0]LogConfig: Setting CVar [[r.BloomQuality:5]]
[2026.09.05-05.14.03:685][  0]LogConfig: Setting CVar [[r.FastBlurThreshold:100]]
[2026.09.05-05.14.03:685][  0]LogConfig: Setting CVar [[r.Upscale.Quality:3]]
[2026.09.05-05.14.03:685][  0]LogConfig: Setting CVar [[r.Tonemapper.GrainQuantization:1]]
[2026.09.05-05.14.03:685][  0]LogConfig: Setting CVar [[r.LightShaftQuality:1]]
[2026.09.05-05.14.03:685][  0]LogConfig: Setting CVar [[r.Filter.SizeScale:1]]
[2026.09.05-05.14.03:685][  0]LogConfig: Setting CVar [[r.Tonemapper.Quality:5]]
[2026.09.05-05.14.03:685][  0]LogConfig: Setting CVar [[r.DOF.Gather.AccumulatorQuality:1        ; higher gathering accumulator quality]]
[2026.09.05-05.14.03:685][  0]LogConfig: Setting CVar [[r.DOF.Gather.PostfilterMethod:1          ; Median3x3 postfilering method]]
[2026.09.05-05.14.03:685][  0]LogConfig: Setting CVar [[r.DOF.Gather.EnableBokehSettings:0       ; no bokeh simulation when gathering]]
[2026.09.05-05.14.03:685][  0]LogConfig: Setting CVar [[r.DOF.Gather.RingCount:4                 ; medium number of samples when gathering]]
[2026.09.05-05.14.03:685][  0]LogConfig: Setting CVar [[r.DOF.Scatter.ForegroundCompositing:1    ; additive foreground scattering]]
[2026.09.05-05.14.03:685][  0]LogConfig: Setting CVar [[r.DOF.Scatter.BackgroundCompositing:2    ; additive background scattering]]
[2026.09.05-05.14.03:685][  0]LogConfig: Setting CVar [[r.DOF.Scatter.EnableBokehSettings:1      ; bokeh simulation when scattering]]
[2026.09.05-05.14.03:685][  0]LogConfig: Setting CVar [[r.DOF.Scatter.MaxSpriteRatio:0.1         ; only a maximum of 10% of scattered bokeh]]
[2026.09.05-05.14.03:685][  0]LogConfig: Setting CVar [[r.DOF.Recombine.Quality:1                ; cheap slight out of focus]]
[2026.09.05-05.14.03:685][  0]LogConfig: Setting CVar [[r.DOF.Recombine.EnableBokehSettings:0    ; no bokeh simulation on slight out of focus]]
[2026.09.05-05.14.03:685][  0]LogConfig: Setting CVar [[r.DOF.TemporalAAQuality:1                ; more stable temporal accumulation]]
[2026.09.05-05.14.03:685][  0]LogConfig: Setting CVar [[r.DOF.Kernel.MaxForegroundRadius:0.025]]
[2026.09.05-05.14.03:685][  0]LogConfig: Setting CVar [[r.DOF.Kernel.MaxBackgroundRadius:0.025]]
[2026.09.05-05.14.03:685][  0]LogConfig: Applying CVar settings from Section [TextureQuality@3] File [C:/Users/adace/Desktop/spyro-blowhards-revenge/Saved/Config/Windows/Scalability.ini]
[2026.09.05-05.14.03:685][  0]LogConfig: Setting CVar [[r.Streaming.MipBias:0]]
[2026.09.05-05.14.03:685][  0]LogConfig: Setting CVar [[r.Streaming.AmortizeCPUToGPUCopy:0]]
[2026.09.05-05.14.03:685][  0]LogConfig: Setting CVar [[r.Streaming.MaxNumTexturesToStreamPerFrame:0]]
[2026.09.05-05.14.03:685][  0]LogConfig: Setting CVar [[r.Streaming.Boost:1]]
[2026.09.05-05.14.03:685][  0]LogConfig: Setting CVar [[r.MaxAnisotropy:8]]
[2026.09.05-05.14.03:685][  0]LogConfig: Setting CVar [[r.VT.MaxAnisotropy:8]]
[2026.09.05-05.14.03:685][  0]LogConfig: Setting CVar [[r.Streaming.LimitPoolSizeToVRAM:0]]
[2026.09.05-05.14.03:685][  0]LogConfig: Setting CVar [[r.Streaming.PoolSize:1000]]
[2026.09.05-05.14.03:685][  0]LogConfig: Setting CVar [[r.Streaming.MaxEffectiveScreenSize:0]]
[2026.09.05-05.14.03:685][  0]LogConfig: Applying CVar settings from Section [EffectsQuality@3] File [C:/Users/adace/Desktop/spyro-blowhards-revenge/Saved/Config/Windows/Scalability.ini]
[2026.09.05-05.14.03:685][  0]LogConfig: Setting CVar [[r.TranslucencyLightingVolumeDim:64]]
[2026.09.05-05.14.03:685][  0]LogConfig: Setting CVar [[r.RefractionQuality:2]]
[2026.09.05-05.14.03:685][  0]LogConfig: Setting CVar [[r.SSR.Quality:3]]
[2026.09.05-05.14.03:685][  0]LogConfig: Setting CVar [[r.SSR.HalfResSceneColor:0]]
[2026.09.05-05.14.03:685][  0]LogConfig: Setting CVar [[r.SceneColorFormat:4]]
[2026.09.05-05.14.03:685][  0]LogConfig: Setting CVar [[r.DetailMode:2]]
[2026.09.05-05.14.03:685][  0]LogConfig: Setting CVar [[r.TranslucencyVolumeBlur:1]]
[2026.09.05-05.14.03:685][  0]LogConfig: Setting CVar [[r.MaterialQualityLevel:1 ; High quality]]
[2026.09.05-05.14.03:685][  0]LogConfig: Setting CVar [[r.AnisotropicMaterials:1]]
[2026.09.05-05.14.03:685][  0]LogConfig: Setting CVar [[r.SSS.Scale:1]]
[2026.09.05-05.14.03:685][  0]LogConfig: Setting CVar [[r.SSS.SampleSet:2]]
[2026.09.05-05.14.03:685][  0]LogConfig: Setting CVar [[r.SSS.Quality:1]]
[2026.09.05-05.14.03:685][  0]LogConfig: Setting CVar [[r.SSS.HalfRes:0]]
[2026.09.05-05.14.03:685][  0]LogConfig: Setting CVar [[r.SSGI.Quality:3]]
[2026.09.05-05.14.03:685][  0]LogConfig: Setting CVar [[r.EmitterSpawnRateScale:1.0]]
[2026.09.05-05.14.03:685][  0]LogConfig: Setting CVar [[r.ParticleLightQuality:2]]
[2026.09.05-05.14.03:685][  0]LogConfig: Setting CVar [[r.SkyAtmosphere.AerialPerspectiveLUT.FastApplyOnOpaque:1 ; Always have FastSkyLUT 1 in this case to avoid wrong sky]]
[2026.09.05-05.14.03:685][  0]LogConfig: Setting CVar [[r.SkyAtmosphere.AerialPerspectiveLUT.SampleCountMaxPerSlice:4]]
[2026.09.05-05.14.03:685][  0]LogConfig: Setting CVar [[r.SkyAtmosphere.AerialPerspectiveLUT.DepthResolution:16.0]]
[2026.09.05-05.14.03:685][  0]LogConfig: Setting CVar [[r.SkyAtmosphere.FastSkyLUT:1]]
[2026.09.05-05.14.03:685][  0]LogConfig: Setting CVar [[r.SkyAtmosphere.FastSkyLUT.SampleCountMin:4.0]]
[2026.09.05-05.14.03:685][  0]LogConfig: Setting CVar [[r.SkyAtmosphere.FastSkyLUT.SampleCountMax:128.0]]
[2026.09.05-05.14.03:685][  0]LogConfig: Setting CVar [[r.SkyAtmosphere.SampleCountMin:4.0]]
[2026.09.05-05.14.03:685][  0]LogConfig: Setting CVar [[r.SkyAtmosphere.SampleCountMax:128.0]]
[2026.09.05-05.14.03:685][  0]LogConfig: Setting CVar [[r.SkyAtmosphere.TransmittanceLUT.UseSmallFormat:0]]
[2026.09.05-05.14.03:685][  0]LogConfig: Setting CVar [[r.SkyAtmosphere.TransmittanceLUT.SampleCount:10.0]]
[2026.09.05-05.14.03:685][  0]LogConfig: Setting CVar [[r.SkyAtmosphere.MultiScatteringLUT.SampleCount:15.0]]
[2026.09.05-05.14.03:685][  0]LogConfig: Setting CVar [[r.SkyLight.RealTimeReflectionCapture:1]]
[2026.09.05-05.14.03:685][  0]LogConfig: Applying CVar settings from Section [FoliageQuality@3] File [C:/Users/adace/Desktop/spyro-blowhards-revenge/Saved/Config/Windows/Scalability.ini]
[2026.09.05-05.14.03:685][  0]LogConfig: Setting CVar [[foliage.DensityScale:1.0]]
[2026.09.05-05.14.03:685][  0]LogConfig: Setting CVar [[grass.DensityScale:1.0]]
[2026.09.05-05.14.03:685][  0]LogConfig: Applying CVar settings from Section [ShadingQuality@3] File [C:/Users/adace/Desktop/spyro-blowhards-revenge/Saved/Config/Windows/Scalability.ini]
[2026.09.05-05.14.03:685][  0]LogConfig: Setting CVar [[r.HairStrands.SkyLighting.IntegrationType:2]]
[2026.09.05-05.14.03:685][  0]LogConfig: Setting CVar [[r.HairStrands.SkyAO.SampleCount:4]]
[2026.09.05-05.14.03:685][  0]LogConfig: Setting CVar [[r.HairStrands.Visibility.MSAA.SamplePerPixel:4]]
[2026.09.05-05.14.03:685][  0]LogConfig: Applying CVar settings from Section [Startup] File [../../../Engine/Config/ConsoleVariables.ini]
[2026.09.05-05.14.03:685][  0]LogConfig: Setting CVar [[net.UseAdaptiveNetUpdateFrequency:0]]
[2026.09.05-05.14.03:685][  0]LogConfig: Setting CVar [[p.chaos.AllowCreatePhysxBodies:1]]
[2026.09.05-05.14.03:685][  0]LogConfig: Setting CVar [[fx.SkipVectorVMBackendOptimizations:1]]
[2026.09.05-05.14.03:685][  0]LogConfig: Applying CVar settings from Section [ConsoleVariables] File [C:/Users/adace/Desktop/spyro-blowhards-revenge/Saved/Config/Windows/Engine.ini]
[2026.09.05-05.14.03:685][  0]LogConfig: Applying CVar settings from Section [ConsoleVariables] File [C:/Users/adace/Desktop/spyro-blowhards-revenge/Saved/Config/Windows/Editor.ini]
[2026.09.05-05.14.03:686][  0]LogInit: Computer: DESKTOP-OCQ2307
[2026.09.05-05.14.03:686][  0]LogInit: User: CodexSandboxOffline
[2026.09.05-05.14.03:686][  0]LogInit: CPU Page size=4096, Cores=10
[2026.09.05-05.14.03:686][  0]LogInit: High frequency timer resolution =10.000000 MHz
[2026.09.05-05.14.03:686][  0]LogMemory: Memory total: Physical=31.8GB (32GB approx)
[2026.09.05-05.14.03:686][  0]LogMemory: Platform Memory Stats for Windows
[2026.09.05-05.14.03:686][  0]LogMemory: Process Physical Memory: 146.34 MB used, 146.34 MB peak
[2026.09.05-05.14.03:686][  0]LogMemory: Process Virtual Memory: 127.07 MB used, 127.07 MB peak
[2026.09.05-05.14.03:686][  0]LogMemory: Physical Memory: 16299.62 MB used,  16307.66 MB free, 32607.28 MB total
[2026.09.05-05.14.03:686][  0]LogMemory: Virtual Memory: 134203032.00 MB used,  14695.29 MB free, 134217728.00 MB total
[2026.09.05-05.14.03:691][  0]LogWindows: WindowsPlatformFeatures enabled
[2026.09.05-05.14.03:732][  0]LogInit: Physics initialised using underlying interface: PhysX
[2026.09.05-05.14.03:732][  0]LogInit: Using OS detected language (en-US).
[2026.09.05-05.14.03:732][  0]LogInit: Using OS detected locale (en-AU).
[2026.09.05-05.14.03:734][  0]LogTextLocalizationManager: No specific localization for 'en-US' exists, so the 'en' localization will be used.
[2026.09.05-05.14.04:363][  0]LogTargetPlatformManager: Display: Loaded TargetPlatform 'AllDesktop'
[2026.09.05-05.14.04:379][  0]LogTargetPlatformManager: Display: Loaded TargetPlatform 'Android'
[2026.09.05-05.14.04:379][  0]LogTargetPlatformManager: Display: Loaded TargetPlatform 'Android_ASTC'
[2026.09.05-05.14.04:379][  0]LogTargetPlatformManager: Display: Loaded TargetPlatform 'Android_DXT'
[2026.09.05-05.14.04:379][  0]LogTargetPlatformManager: Display: Loaded TargetPlatform 'Android_ETC2'
[2026.09.05-05.14.04:379][  0]LogTargetPlatformManager: Display: Loaded TargetPlatform 'AndroidClient'
[2026.09.05-05.14.04:379][  0]LogTargetPlatformManager: Display: Loaded TargetPlatform 'Android_ASTCClient'
[2026.09.05-05.14.04:379][  0]LogTargetPlatformManager: Display: Loaded TargetPlatform 'Android_DXTClient'
[2026.09.05-05.14.04:379][  0]LogTargetPlatformManager: Display: Loaded TargetPlatform 'Android_ETC2Client'
[2026.09.05-05.14.04:379][  0]LogTargetPlatformManager: Display: Loaded TargetPlatform 'Android_Multi'
[2026.09.05-05.14.04:379][  0]LogTargetPlatformManager: Display: Loaded TargetPlatform 'Android_MultiClient'
[2026.09.05-05.14.04:393][  0]LogTargetPlatformManager: Display: Loaded TargetPlatform 'IOSClient'
[2026.09.05-05.14.04:393][  0]LogTargetPlatformManager: Display: Loaded TargetPlatform 'IOS'
[2026.09.05-05.14.04:400][  0]LogTargetPlatformManager: Display: Loaded TargetPlatform 'Linux'
[2026.09.05-05.14.04:404][  0]LogTargetPlatformManager: Display: Loaded TargetPlatform 'LinuxNoEditor'
[2026.09.05-05.14.04:407][  0]LogTargetPlatformManager: Display: Loaded TargetPlatform 'LinuxClient'
[2026.09.05-05.14.04:410][  0]LogTargetPlatformManager: Display: Loaded TargetPlatform 'LinuxServer'
[2026.09.05-05.14.04:418][  0]LogTargetPlatformManager: Display: Loaded TargetPlatform 'LinuxAArch64NoEditor'
[2026.09.05-05.14.04:422][  0]LogTargetPlatformManager: Display: Loaded TargetPlatform 'LinuxAArch64Client'
[2026.09.05-05.14.04:425][  0]LogTargetPlatformManager: Display: Loaded TargetPlatform 'LinuxAArch64Server'
[2026.09.05-05.14.04:444][  0]LogTargetPlatformManager: Display: Loaded TargetPlatform 'Lumin'
[2026.09.05-05.14.04:444][  0]LogTargetPlatformManager: Display: Loaded TargetPlatform 'LuminClient'
[2026.09.05-05.14.04:450][  0]LogTargetPlatformManager: Display: Loaded TargetPlatform 'MacNoEditor'
[2026.09.05-05.14.04:453][  0]LogTargetPlatformManager: Display: Loaded TargetPlatform 'Mac'
[2026.09.05-05.14.04:457][  0]LogTargetPlatformManager: Display: Loaded TargetPlatform 'MacClient'
[2026.09.05-05.14.04:460][  0]LogTargetPlatformManager: Display: Loaded TargetPlatform 'MacServer'
[2026.09.05-05.14.04:469][  0]LogTargetPlatformManager: Display: Loaded TargetPlatform 'TVOSClient'
[2026.09.05-05.14.04:469][  0]LogTargetPlatformManager: Display: Loaded TargetPlatform 'TVOS'
[2026.09.05-05.14.04:475][  0]LogTargetPlatformManager: Display: Loaded TargetPlatform 'WindowsNoEditor'
[2026.09.05-05.14.04:478][  0]LogTargetPlatformManager: Display: Loaded TargetPlatform 'Windows'
[2026.09.05-05.14.04:483][  0]LogTargetPlatformManager: Display: Loaded TargetPlatform 'WindowsClient'
[2026.09.05-05.14.04:486][  0]LogTargetPlatformManager: Display: Loaded TargetPlatform 'WindowsServer'
[2026.09.05-05.14.04:486][  0]LogTargetPlatformManager: Display: Building Assets For Windows
[2026.09.05-05.14.04:493][  0]LogAudioDebug: Display: Lib vorbis DLL was dynamically loaded.
[2026.09.05-05.14.04:518][  0]LogTextureFormatOodle: Display: Oodle Texture 2.9.0 init RDO Off
[2026.09.05-05.14.04:544][  0]LogRendererCore: Ray tracing is disabled. Reason: r.RayTracing=0.
[2026.09.05-05.14.04:544][  0]LogShaderCompilers: Guid format shader working directory is -35 characters bigger than the processId version (../../../../../../Users/adace/Desktop/spyro-blowhards-revenge/Intermediate/Shaders/WorkingDirectory/38200/).
[2026.09.05-05.14.04:544][  0]LogShaderCompilers: Cleaned the shader compiler working directory 'C:/Users/adace/UnrealShaderWorkingDir/AC22D5674086EA3D30B7819927BDC373/'.
[2026.09.05-05.14.04:544][  0]LogXGEController: Cannot use XGE Controller as Incredibuild is not installed on this machine.
[2026.09.05-05.14.04:544][  0]LogShaderCompilers: Cannot use XGE Shader Compiler as Incredibuild is not installed on this machine.
[2026.09.05-05.14.04:544][  0]LogShaderCompilers: Display: Using Local Shader Compiler.
[2026.09.05-05.14.04:967][  0]LogDerivedDataCache: Display: Max Cache Size: 512 MB
[2026.09.05-05.14.05:016][  0]LogDerivedDataCache: Loaded boot cache 0.05s 81MB C:/Users/adace/AppData/Local/UnrealEngine/4.27/DerivedDataCache/Boot.ddc.
[2026.09.05-05.14.05:016][  0]LogDerivedDataCache: Display: Loaded Boot cache: C:/Users/adace/AppData/Local/UnrealEngine/4.27/DerivedDataCache/Boot.ddc
[2026.09.05-05.14.05:016][  0]LogDerivedDataCache: FDerivedDataBackendGraph:  Pak pak cache file ../../../../../../Users/adace/Desktop/spyro-blowhards-revenge/DerivedDataCache/DDC.ddp not found, will not use a pak cache.
[2026.09.05-05.14.05:016][  0]LogDerivedDataCache: Unable to find inner node Pak for hierarchical cache Hierarchy.
[2026.09.05-05.14.05:016][  0]LogDerivedDataCache: FDerivedDataBackendGraph:  CompressedPak pak cache file ../../../../../../Users/adace/Desktop/spyro-blowhards-revenge/DerivedDataCache/Compressed.ddp not found, will not use a pak cache.
[2026.09.05-05.14.05:016][  0]LogDerivedDataCache: Unable to find inner node CompressedPak for hierarchical cache Hierarchy.
[2026.09.05-05.14.05:029][  0]LogDerivedDataCache: Display: Pak cache opened for reading ../../../Engine/DerivedDataCache/Compressed.ddp.
[2026.09.05-05.14.05:030][  0]LogDerivedDataCache: FDerivedDataBackendGraph:  EnterprisePak pak cache file ../../../Enterprise/DerivedDataCache/Compressed.ddp not found, will not use a pak cache.
[2026.09.05-05.14.05:030][  0]LogDerivedDataCache: Unable to find inner node EnterprisePak for hierarchical cache Hierarchy.
[2026.09.05-05.14.05:032][  0]LogDerivedDataCache: Warning: Fail to write to C:/Users/adace/AppData/Local/UnrealEngine/Common/DerivedDataCache/TestData/DA25FEDE442BC6E3F4C6CCBC762C1E8C/TestData/0/TestData_4kb.dat, derived data cache will be disabled. ReadError: 3 (The system cannot find the path specified.)
[2026.09.05-05.14.05:032][  0]LogDerivedDataCache: Speed tests for C:/Users/adace/AppData/Local/UnrealEngine/Common/DerivedDataCache took 0.00 seconds
[2026.09.05-05.14.05:032][  0]LogDerivedDataCache: Display: Performance to C:/Users/adace/AppData/Local/UnrealEngine/Common/DerivedDataCache: Latency=0.02ms. RandomReadSpeed=936.05MBs, RandomWriteSpeed=0.00MBs. Assigned SpeedClass 'Local'
[2026.09.05-05.14.05:032][  0]LogDerivedDataCache: Using Local data cache path C:/Users/adace/AppData/Local/UnrealEngine/Common/DerivedDataCache: ReadOnly
[2026.09.05-05.14.05:032][  0]LogDerivedDataCache: Shared data cache path not found in *engine.ini, will not use an Shared cache.
[2026.09.05-05.14.05:032][  0]LogDerivedDataCache: Unable to find inner node Shared for hierarchical cache Hierarchy.
[2026.09.05-05.14.05:037][  0]LogAssetRegistry: FAssetRegistry took 0.0012 seconds to start up
[2026.09.05-05.14.05:194][  0]LogInit: Selected Device Profile: [Windows]
[2026.09.05-05.14.05:194][  0]LogInit: Active device profile: [000001C6EA729400][000001C6E5B10800 49] Windows
[2026.09.05-05.14.05:194][  0]LogInit: Profiles: [000001C6EA729400][000001C6E5B10800 49] Windows, [000001C6EA6C2800][000001C6E5B1E980 49] WindowsNoEditor, [000001C6EA6ABF00][000001C6E5B22B00 49] WindowsServer, [000001C6EA729600][000001C6E5B26C80 49] WindowsClient, [000001C6EA6C0100][000001C6E5B2AE00 49] IOS, [000001C6EA6A8500][000001C6E5B2EF80 49] iPadAir, [000001C6EA6C0600][000001C6E5B33100 49] iPadAir2, [000001C6EA670300][000001C6E75113C0 49] IPadPro, [000001C6EA670400][000001C6E5B37400 49] iPadAir3, [000001C6EA6A8300][000001C6E5B15540 49] iPadAir4, [000001C6EA672F00][000001C6E751B680 49] iPadMini2, [000001C6EA6AB900][000001C6E751F7C0 49] iPadMini3, [000001C6EA670B00][000001C6E7527940 49] iPadMini4, [000001C6EA6AAF00][000001C6E752BAC0 49] iPadMini5, [000001C6EA65FB00][000001C6E7532200 49] iPhone6, [000001C6EA65FC00][000001C6E752E240 49] iPodTouch6, [000001C6EA6C3500][000001C6E753A500 49] iPhone7, [000001C6EA6C3600][000001C6E7536540 49] iPodTouch7, [000001C6EA65C300][000001C6E753E6C0 49] iPhone5S, [000001C6EA672D00][000001C6E7542840 49] iPhone6Plus, [000001C6EA65DF00][000001C6E75469C0 49] iPhone6S, [000001C6EA671200][000001C6E754AB40 49] iPhone6SPlus, [000001C6EA6C3900][000001C6E9D3CCC0 49] iPhone7Plus, [000001C6EA670E00][000001C6E9D40E40 49] iPhoneSE, [000001C6EA6C2500][000001C6E9D44FC0 49] iPhone8, [000001C6EA671000][000001C6E9D49140 49] iPhone8Plus, [000001C6EA6C0500][000001C6E9D4D2C0 49] iPhoneX, [000001C6EA671300][000001C6E9D51440 49] iPhoneXS, [000001C6EA6C2400][000001C6E9D555C0 49] iPhoneXSMax, [000001C6EA672200][000001C6E7523700 49] iPhoneXR, [000001C6EA6C0900][000001C6E9D59840 49] iPhone11, [000001C6EA672100][000001C6E9D5D980 49] iPhone11Pro, [000001C6EA6C2D00][000001C6E9D65B00 49] iPhone11ProMax, [000001C6EA672000][000001C6E9D68100 49] iPhoneSE2, [000001C6EA6C1B00][000001C6E9D6C280 49] iPhone12Mini, [000001C6EA672500][000001C6E9D70400 49] iPhone12, [000001C6EA6C0200][000001C6E9D74580 49] iPhone12Pro, [000001C6EA672400][000001C6E9D78700 49] iPhone12ProMax, [000001C6EA6C1700][000001C6E9D7C880 49] iPadPro105, [000001C6EA671C00][000001C6E9D80A00 49] iPadPro129, [000001C6EA6C0B00][000001C6E9D84B80 49] iPadPro97, [000001C6EA673600][000001C6E9D88D00 49] iPadPro2_129, [000001C6EA6C2300][000001C6E9D8CE80 49] iPad5, [000001C6EA673100][000001C6E9D91000 49] iPad6, [000001C6EA6C1300][000001C6E9D95180 49] iPad7, [000001C6EA670800][000001C6E9D99300 49] iPad8, [000001C6EA6C0D00][000001C6E9D9D480 49] iPadPro11, [000001C6EA672300][000001C6E9DA1600 49] iPadPro2_11, [000001C6EA6C1600][000001C6E9DA5780 49] iPadPro3_129, [000001C6EA673F00][000001C6E9D618C0 49] iPadPro4_129, [000001C6EA6C2700][000001C6E9DA9A00 49] AppleTV, [000001C6EA673C00][000001C6E9DADB40 49] AppleTV4K, [000001C6EA6C3200][000001C6E9DB4140 49] TVOS, [000001C6EA672900][000001C6E9DB82C0 49] Mac, [000001C6EA6C2100][000001C6E9DBC440 49] MacClient, [000001C6EA672C00][000001C6ED1E05C0 49] MacNoEditor, [000001C6EA6C2900][000001C6ED1E4740 49] MacServer, [000001C6EA671400][000001C6ED1E88C0 49] Linux, [000001C6EA6C0F00][000001C6ED1ECA40 49] LinuxAArch64, [000001C6EA670700][000001C6ED1F0BC0 49] LinuxNoEditor, [000001C6EA6C2E00][000001C6ED1F4D40 49] LinuxAArch64NoEditor, [000001C6EA671F00][000001C6ED1F8EC0 49] LinuxClient, [000001C6EA6C2200][000001C6ED1FD040 49] LinuxAArch64Client, [000001C6EA671500][000001C6ED2011C0 49] LinuxServer, [000001C6EA6C1800][000001C6ED205340 49] LinuxAArch64Server, [000001C6EA672E00][000001C6ED2094C0 49] Android, [000001C6EA6C1100][000001C6ED20D640 49] Android_Low, [000001C6EA670C00][000001C6ED2117C0 49] Android_Mid, [000001C6EA6C3400][000001C6ED215940 49] Android_High, [000001C6EA729800][000001C6E9DB1A80 49] Android_Default, [000001C6EA65C800][000001C6ED219BC0 49] Android_Adreno4xx, [000001C6EA728400][000001C6ED21C180 49] Android_Adreno5xx_Low, [000001C6EA65F000][000001C6ED2202C0 49] Android_Adreno5xx, [000001C6EA72B200][000001C6ED228440 49] Android_Adreno6xx, [000001C6EA65E800][000001C6ED22C5C0 49] Android_Adreno6xx_Vulkan, [000001C6EA72B500][000001C6ED230740 49] Android_Mali_T6xx, [000001C6EA65F900][000001C6ED2348C0 49] Android_Mali_T7xx, [000001C6EA72B700][000001C6ED238A40 49] Android_Mali_T8xx, [000001C6EA65E700][000001C6ED23CBC0 49] Android_Mali_G71, [000001C6EA729300][000001C6ED240D40 49] Android_Mali_G72, [000001C6EA65D400][000001C6ED244EC0 49] Android_Mali_G72_Vulkan, [000001C6EA729B00][000001C6ED249040 49] Android_Mali_G76, [000001C6EA65CF00][000001C6ED24D1C0 49] Android_Mali_G76_Vulkan, [000001C6EA72B400][000001C6ED251340 49] Android_Mali_G77, [000001C6EA65E200][000001C6ED2554C0 49] Android_Mali_G77_Vulkan, [000001C6EA72B100][000001C6ED259640 49] Android_Mali_G78, [000001C6EA65EE00][000001C6ED25D7C0 49] Android_Mali_G78_Vulkan, [000001C6EA728A00][000001C6ED261940 49] Android_Mali_G710, [000001C6EA65CC00][000001C6ED265AC0 49] Android_Mali_G710_Vulkan, [000001C6EA72B800][000001C6ED225C00 49] Android_Vulkan_SM5, [000001C6EA65DE00][000001C6ED2681C0 49] Android_PowerVR_G6xxx, [000001C6EA72A100][000001C6ED26C300 49] Android_PowerVR_GT7xxx, [000001C6EA65D800][000001C6ED270440 49] Android_PowerVR_GE8xxx, [000001C6EA72A700][000001C6ED2785C0 49] Android_PowerVR_GM9xxx, [000001C6EA6C1500][000001C6ED27C740 49] Android_PowerVR_GM9xxx_Vulkan, [000001C6EA72AD00][000001C6ED2808C0 49] Android_TegraK1, [000001C6EA6C0800][000001C6ED284A40 49] Android_Unknown_Vulkan, [000001C6EA728F00][000001C6ED288BC0 49] Lumin, [000001C6EA6C0E00][000001C6ED28CD40 49] Lumin_Desktop, [000001C6EA729100][000001C6ED290EC0 49] HoloLens, 
[2026.09.05-05.14.05:223][  0]LogMeshReduction: Using QuadricMeshReduction for automatic static mesh reduction
[2026.09.05-05.14.05:223][  0]LogMeshReduction: Using SimplygonMeshReduction for automatic skeletal mesh reduction
[2026.09.05-05.14.05:223][  0]LogMeshReduction: Using ProxyLODMeshReduction for automatic mesh merging
[2026.09.05-05.14.05:223][  0]LogMeshReduction: No distributed automatic mesh merging module available
[2026.09.05-05.14.05:223][  0]LogMeshMerging: No distributed automatic mesh merging module available
[2026.09.05-05.14.05:227][  0]LogNetVersion: Spyro_Bunnited 1.0.0, NetCL: 17155196, EngineNetVer: 17, GameNetVer: 0 (Checksum: 2727633312)
[2026.09.05-05.14.05:426][  0]LogCollectionManager: Loaded 0 collections in 0.001177 seconds
[2026.09.05-05.14.05:428][  0]LogFileCache: Scanning file cache for directory 'C:/Users/adace/Desktop/spyro-blowhards-revenge/Saved/Collections/' took 0.00s
[2026.09.05-05.14.05:428][  0]LogFileCache: Scanning file cache for directory 'C:/Users/adace/Desktop/spyro-blowhards-revenge/Content/Developers/CodexSandboxOffline/Collections/' took 0.00s
[2026.09.05-05.14.05:428][  0]LogFileCache: Scanning file cache for directory 'C:/Users/adace/Desktop/spyro-blowhards-revenge/Content/Collections/' took 0.00s
[2026.09.05-05.14.05:428][  0]LogCollectionManager: Fixed up redirectors for 0 collections in 0.000002 seconds (updated 0 objects)
[2026.09.05-05.14.05:578][  0]LogNiagaraDebuggerClient: Niagara Debugger Client Initialized | Session: 611D2A2E49D879DE73F4D6946E78F0B1 | Instance: A4D01A144DDC4539AC57768F9F079703 (DESKTOP-OCQ2307-38200).
[2026.09.05-05.14.05:613][  0]LogPython: Using Python 3.7.7
[2026.09.05-05.14.06:038][  0]SourceControl: Source control is disabled
[2026.09.05-05.14.06:038][  0]SourceControl: Source control is disabled
[2026.09.05-05.14.06:041][  0]SourceControl: Source control is disabled
[2026.09.05-05.14.06:043][  0]SourceControl: Source control is disabled
[2026.09.05-05.14.06:048][  0]SourceControl: Source control is disabled
[2026.09.05-05.14.06:056][  0]LogUProjectInfo: Found projects:
[2026.09.05-05.14.06:240][  0]LogOpenImageDenoise: OIDN starting up
[2026.09.05-05.14.06:250][  0]LogAndroidPermission: UAndroidPermissionCallbackProxy::GetInstance
[2026.09.05-05.14.06:261][  0]LogAudioCaptureCore: Display: No Audio Capture implementations found. Audio input will be silent.
[2026.09.05-05.14.06:261][  0]LogAudioCaptureCore: Display: No Audio Capture implementations found. Audio input will be silent.
[2026.09.05-05.14.06:376][  0]LogUObjectArray: 23186 objects as part of root set at end of initial load.
[2026.09.05-05.14.06:376][  0]LogUObjectAllocator: 6473664 out of 0 bytes used by permanent object pool.
[2026.09.05-05.14.06:376][  0]LogUObjectArray: CloseDisregardForGC: 0/0 objects in disregard for GC pool
[2026.09.05-05.14.06:380][  0]LogInit: Executing Class /Script/PythonScriptPlugin.PythonScriptCommandlet
[2026.09.05-05.14.06:380][  0]LogInit: Initializing Editor Engine...
[2026.09.05-05.14.06:380][  0]LogEngine: Initializing Engine...
[2026.09.05-05.14.06:383][  0]LogStats: UGameplayTagsManager::InitializeManager -  0.000 s
[2026.09.05-05.14.07:496][  0]LogInit: Initializing FReadOnlyCVARCache
[2026.09.05-05.14.07:502][  0]LogAIModule: Creating AISystem for world Untitled
[2026.09.05-05.14.07:503][  0]LogNetVersion: Set ProjectVersion to 1.0.0.0. Version Checksum will be recalculated on next use.
[2026.09.05-05.14.07:503][  0]LogDerivedDataCache: Error: Could not save memory cache C:/Users/adace/AppData/Local/UnrealEngine/4.27/DerivedDataCache/Boot.ddc.
[2026.09.05-05.14.07:504][  0]LogInit: Texture streaming: Disabled
[2026.09.05-05.14.07:527][  0]LogInit: Initializing Editor Engine Completed
[2026.09.05-05.14.07:672][  0]BlueprintLog: New page: Editor Load
[2026.09.05-05.14.07:706][  0]LogClass: Display: Int8Property FMTSJson::version is not initialized properly. Module:MegascansPlugin File:Private/Utilities/MTSReader.h
[2026.09.05-05.14.07:707][  0]LogClass: Display: Int16Property FMTSJson::resolutionValue is not initialized properly. Module:MegascansPlugin File:Private/Utilities/MTSReader.h
[2026.09.05-05.14.07:707][  0]LogClass: Display: BoolProperty FMTSJson::isExternal is not initialized properly. Module:MegascansPlugin File:Private/Utilities/MTSReader.h
[2026.09.05-05.14.07:707][  0]LogClass: Display: Int8Property FMTSJson::meshVersion is not initialized properly. Module:MegascansPlugin File:Private/Utilities/MTSReader.h
[2026.09.05-05.14.07:707][  0]LogClass: Display: BoolProperty FMTSJson::isCustom is not initialized properly. Module:MegascansPlugin File:Private/Utilities/MTSReader.h
[2026.09.05-05.14.07:707][  0]LogClass: Display: BoolProperty FMTSJson::isModularAsset is not initialized properly. Module:MegascansPlugin File:Private/Utilities/MTSReader.h
[2026.09.05-05.14.07:707][  0]LogClass: Display: Int8Property FLodList::variation is not initialized properly. Module:MegascansPlugin File:Private/Utilities/MTSReader.h
[2026.09.05-05.14.07:707][  0]LogClass: Display: Int16Property FMeshList::resolution is not initialized properly. Module:MegascansPlugin File:Private/Utilities/MTSReader.h
[2026.09.05-05.14.07:708][  0]LogClass: Display: Int16Property FComponents::resolution is not initialized properly. Module:MegascansPlugin File:Private/Utilities/MTSReader.h
[2026.09.05-05.14.07:708][  0]LogClass: Display: BoolProperty FTextureSets::isUdim is not initialized properly. Module:MegascansPlugin File:Private/Utilities/MTSReader.h
[2026.09.05-05.14.07:708][  0]LogClass: Display: BoolProperty FMeta::value is not initialized properly. Module:MegascansPlugin File:Private/Utilities/MTSReader.h
[2026.09.05-05.14.07:708][  0]LogClass: Display: 11 Uninitialized script struct members found including 0 object properties
[2026.09.05-05.14.07:709][  0]LogPythonScriptCommandlet: Display: Running Python script: C:\Users\adace\Desktop\spyro-blowhards-revenge\Tools\MeshReview\audit_unreal.py
[2026.09.05-05.14.07:771][  0]LogPython: UE_AUDIT {"mesh": "/Game/_CF_Project/Meshes/Levels/Dream_Weavers_Edit", "exists": true, "import_source": ["C:/Users/adace/Downloads/Spyro OT Asset Dump/Spyro OT Assets 2026-01-02/S1/Levels/Home_04_Dream_Weavers/Dream Weavers Edit.fbx"], "lods": 1, "uv_channels": 1, "build_settings": {"use_full_precision_u_vs": "False", "recompute_normals": "False", "recompute_tangents": "True", "remove_degenerates": "True", "generate_lightmap_u_vs": "True", "src_lightmap_index": "0", "dst_lightmap_index": "1"}, "materials": [{"slot": "Spyro_GigaAtlas_V2_7_DreamWeavers", "material": "/Game/_CF_Project/Materials/Dream_Weavers_Material.Dream_Weavers_Material", "texture_parameters": [{"name": "Texture", "texture": "/Game/_CF_Project/Textures/Spyro_Giga_Texture_Atlas_V2_7.Spyro_Giga_Texture_Atlas_V2_7"}], "dependencies": ["/Game/_CF_Project/Textures/Spyro_Giga_Texture_Atlas_V2_7", "/Game/qtdergContent/Materials/Level_Geometry_Mat_qtdergs_Edit", "/Engine/EngineMaterials/DefaultDiffuse", "/Engine/ArtTools/RenderToTexture/Textures/127grey"]}], "texture": {"path": "/Game/_CF_Project/Textures/Spyro_Giga_Texture_Atlas_V2_7.Spyro_Giga_Texture_Atlas_V2_7", "source": ["C:/Users/adace/Downloads/Spyro OT Asset Dump/Spyro_Giga_Texture_Atlas_V2.7.png"], "mips": "<TextureMipGenSettings.TMGS_NO_MIPMAPS: 13>", "filter": "<TextureFilter.TF_DEFAULT: 3>", "size": [4096, 8192]}}
[2026.09.05-05.14.07:772][  0]LogCore: Engine exit requested (reason: Commandlet PythonScriptCommandlet_0 finished execution (result 0))
[2026.09.05-05.14.07:772][  0]LogInit: Display: 
[2026.09.05-05.14.07:772][  0]LogInit: Display: Warning/Error Summary (Unique only)
[2026.09.05-05.14.07:772][  0]LogInit: Display: -----------------------------------
[2026.09.05-05.14.07:772][  0]LogInit: Display: LogDerivedDataCache: Error: Could not save memory cache C:/Users/adace/AppData/Local/UnrealEngine/4.27/DerivedDataCache/Boot.ddc.
[2026.09.05-05.14.07:772][  0]LogInit: Display: LogSsl: Warning: Unable to open ROOT certificate store. Platform provided certificates will not be used
[2026.09.05-05.14.07:772][  0]LogInit: Display: LogDerivedDataCache: Warning: Fail to write to C:/Users/adace/AppData/Local/UnrealEngine/Common/DerivedDataCache/TestData/DA25FEDE442BC6E3F4C6CCBC762C1E8C/TestData/0/TestData_4kb.dat, derived data cache will be disabled. ReadError: 3 (The system cannot find the path specified.)
[2026.09.05-05.14.07:773][  0]LogInit: Display: 
[2026.09.05-05.14.07:773][  0]LogInit: Display: Failure - 1 error(s), 2 warning(s)
[2026.09.05-05.14.07:773][  0]LogInit: Display: 
Execution of commandlet took:  0.06 seconds
[2026.09.05-05.14.07:773][  0]LogCore: Engine exit requested (reason: EngineExit() was called; note: exit was already requested)
[2026.09.05-05.14.07:773][  0]LogExit: Preparing to exit.
[2026.09.05-05.14.07:777][  0]LogUObjectHash: Compacting FUObjectHashTables data took   0.48ms
[2026.09.05-05.14.07:809][  0]LogDemo: Cleaned up 0 splitscreen connections with owner deletion
[2026.09.05-05.14.07:811][  0]LogWorld: UWorld::CleanupWorld for None, bSessionEnded=true, bCleanupResources=true
[2026.09.05-05.14.07:811][  0]LogExit: Editor shut down
[2026.09.05-05.14.07:849][  0]LogExit: Object subsystem successfully closed.
[2026.09.05-05.14.07:861][  0]LogShaderCompilers: Display: === FShaderJobCache stats ===
[2026.09.05-05.14.07:861][  0]LogShaderCompilers: Display: Total job queries 0, among them cache hits 0 (0.00%)
[2026.09.05-05.14.07:861][  0]LogShaderCompilers: Display: Tracking 0 distinct input hashes that result in 0 distinct outputs (0.00%)
[2026.09.05-05.14.07:862][  0]LogShaderCompilers: Display: RAM used: 0.00 MB (0.00 GB) of 1638.40 MB (1.60 GB) budget. Usage: 0.00%
[2026.09.05-05.14.07:862][  0]LogShaderCompilers: Display: ================================================
[2026.09.05-05.14.07:875][  0]LogShaderCompilers: Display: Shaders left to compile 0
[2026.09.05-05.14.07:894][  0]LogModuleManager: Shutting down and abandoning module GooglePADEditor (680)
[2026.09.05-05.14.07:894][  0]LogModuleManager: Shutting down and abandoning module AudioCaptureEditor (678)
[2026.09.05-05.14.07:894][  0]LogModuleManager: Shutting down and abandoning module PlanarCut (676)
[2026.09.05-05.14.07:894][  0]LogModuleManager: Shutting down and abandoning module TemplateSequenceEditor (674)
[2026.09.05-05.14.07:894][  0]LogModuleManager: Shutting down and abandoning module LevelSequenceEditor (672)
[2026.09.05-05.14.07:894][  0]LogModuleManager: Shutting down and abandoning module MatineeToLevelSequence (670)
[2026.09.05-05.14.07:894][  0]LogModuleManager: Shutting down and abandoning module ActorSequenceEditor (668)
[2026.09.05-05.14.07:894][  0]LogModuleManager: Shutting down and abandoning module Kismet (667)
[2026.09.05-05.14.07:894][  0]LogModuleManager: Shutting down and abandoning module KismetWidgets (666)
[2026.09.05-05.14.07:894][  0]LogModuleManager: Shutting down and abandoning module WebMMediaFactory (662)
[2026.09.05-05.14.07:894][  0]LogModuleManager: Shutting down and abandoning module WebMMediaEditor (660)
[2026.09.05-05.14.07:894][  0]LogModuleManager: Shutting down and abandoning module MediaCompositingEditor (658)
[2026.09.05-05.14.07:894][  0]LogModuleManager: Shutting down and abandoning module SequenceRecorder (657)
[2026.09.05-05.14.07:894][  0]LogModuleManager: Shutting down and abandoning module Persona (656)
[2026.09.05-05.14.07:894][  0]LogModuleManager: Shutting down and abandoning module AdvancedPreviewScene (655)
[2026.09.05-05.14.07:894][  0]LogModuleManager: Shutting down and abandoning module AnimGraph (653)
[2026.09.05-05.14.07:894][  0]LogModuleManager: Shutting down and abandoning module WmfMediaFactory (648)
[2026.09.05-05.14.07:894][  0]LogModuleManager: Shutting down and abandoning module WmfMediaEditor (646)
[2026.09.05-05.14.07:894][  0]LogModuleManager: Shutting down and abandoning module MediaPlayerEditor (644)
[2026.09.05-05.14.07:894][  0]LogModuleManager: Shutting down and abandoning module ImgMediaFactory (642)
[2026.09.05-05.14.07:894][  0]LogModuleManager: Shutting down and abandoning module ImgMediaEditor (640)
[2026.09.05-05.14.07:894][  0]LogModuleManager: Shutting down and abandoning module CharacterAI (638)
[2026.09.05-05.14.07:894][  0]LogModuleManager: Shutting down and abandoning module AvfMediaFactory (636)
[2026.09.05-05.14.07:895][  0]LogModuleManager: Shutting down and abandoning module AvfMediaEditor (634)
[2026.09.05-05.14.07:895][  0]LogModuleManager: Shutting down and abandoning module AndroidMediaFactory (632)
[2026.09.05-05.14.07:895][  0]LogModuleManager: Shutting down and abandoning module AndroidMediaEditor (630)
[2026.09.05-05.14.07:895][  0]LogModuleManager: Shutting down and abandoning module MagicLeapMediaEditor (628)
[2026.09.05-05.14.07:895][  0]LogModuleManager: Shutting down and abandoning module TextureAlignMode (626)
[2026.09.05-05.14.07:895][  0]LogModuleManager: Shutting down and abandoning module BspMode (624)
[2026.09.05-05.14.07:895][  0]LogModuleManager: Shutting down and abandoning module GeometryMode (622)
[2026.09.05-05.14.07:895][  0]LogModuleManager: Shutting down and abandoning module CameraShakePreviewer (620)
[2026.09.05-05.14.07:895][  0]LogModuleManager: Shutting down and abandoning module SmartSnapping (618)
[2026.09.05-05.14.07:895][  0]LogModuleManager: Shutting down and abandoning module SessionServices (616)
[2026.09.05-05.14.07:895][  0]LogModuleManager: Shutting down and abandoning module MeshPaint (614)
[2026.09.05-05.14.07:895][  0]LogModuleManager: Shutting down and abandoning module VirtualTexturingEditor (612)
[2026.09.05-05.14.07:895][  0]LogModuleManager: Shutting down and abandoning module FoliageEdit (610)
[2026.09.05-05.14.07:895][  0]LogModuleManager: Shutting down and abandoning module LandscapeEditor (608)
[2026.09.05-05.14.07:895][  0]LogModuleManager: Shutting down and abandoning module MeshPaintMode (606)
[2026.09.05-05.14.07:895][  0]LogModuleManager: Shutting down and abandoning module SceneDepthPickerMode (604)
[2026.09.05-05.14.07:895][  0]LogModuleManager: Shutting down and abandoning module ActorPickerMode (602)
[2026.09.05-05.14.07:895][  0]LogModuleManager: Shutting down and abandoning module PlacementMode (600)
[2026.09.05-05.14.07:895][  0]LogModuleManager: Shutting down and abandoning module LiveCoding (598)
[2026.09.05-05.14.07:895][  0]LogModuleManager: Shutting down and abandoning module LevelSequence (596)
[2026.09.05-05.14.07:895][  0]LogModuleManager: Shutting down and abandoning module MovieSceneTracks (594)
[2026.09.05-05.14.07:895][  0]LogModuleManager: Shutting down and abandoning module MovieScene (592)
[2026.09.05-05.14.07:895][  0]LogModuleManager: Shutting down and abandoning module StreamingPauseRendering (590)
[2026.09.05-05.14.07:895][  0]LogModuleManager: Shutting down and abandoning module ImageWriteQueue (588)
[2026.09.05-05.14.07:898][  0]LogModuleManager: Shutting down and abandoning module AIModule (586)
[2026.09.05-05.14.07:898][  0]LogModuleManager: Shutting down and abandoning module GameplayDebugger (585)
[2026.09.05-05.14.07:898][  0]LogModuleManager: Shutting down and abandoning module AITestSuite (583)
[2026.09.05-05.14.07:898][  0]LogModuleManager: Shutting down and abandoning module NavigationSystem (581)
[2026.09.05-05.14.07:898][  0]LogModuleManager: Shutting down and abandoning module AudioSynesthesiaEditor (578)
[2026.09.05-05.14.07:898][  0]LogModuleManager: Shutting down and abandoning module MegascansPlugin (576)
[2026.09.05-05.14.07:898][  0]LogModuleManager: Shutting down and abandoning module SM64RuntimeEditor (574)
[2026.09.05-05.14.07:898][  0]LogModuleManager: Shutting down and abandoning module SM64Runtime (572)
[2026.09.05-05.14.07:898][  0]LogModuleManager: Shutting down and abandoning module PS1IsoGate (570)
[2026.09.05-05.14.07:898][  0]LogModuleManager: Shutting down and abandoning module MMAEditorTools (568)
[2026.09.05-05.14.07:898][  0]LogModuleManager: Shutting down and abandoning module MMAGameplay (566)
[2026.09.05-05.14.07:898][  0]LogModuleManager: Shutting down and abandoning module SQLiteSupport (564)
[2026.09.05-05.14.07:898][  0]LogModuleManager: Shutting down and abandoning module DatabaseSupport (562)
[2026.09.05-05.14.07:898][  0]LogModuleManager: Shutting down and abandoning module ContentBrowserClassDataSource (560)
[2026.09.05-05.14.07:898][  0]LogModuleManager: Shutting down and abandoning module ContentBrowserFileDataSource (558)
[2026.09.05-05.14.07:898][  0]LogModuleManager: Shutting down and abandoning module ContentBrowserAssetDataSource (556)
[2026.09.05-05.14.07:898][  0]LogModuleManager: Shutting down and abandoning module ToolMenus (555)
[2026.09.05-05.14.07:898][  0]LogModuleManager: Shutting down and abandoning module SynthesisEditor (552)
[2026.09.05-05.14.07:898][  0]LogModuleManager: Shutting down and abandoning module Synthesis (550)
[2026.09.05-05.14.07:898][  0]LogModuleManager: Shutting down and abandoning module ProceduralMeshComponentEditor (548)
[2026.09.05-05.14.07:898][  0]LogModuleManager: Shutting down and abandoning module ProceduralMeshComponent (546)
[2026.09.05-05.14.07:898][  0]LogModuleManager: Shutting down and abandoning module MobilePatchingUtils (544)
[2026.09.05-05.14.07:898][  0]LogModuleManager: Shutting down and abandoning module GooglePAD (542)
[2026.09.05-05.14.07:898][  0]LogModuleManager: Shutting down and abandoning module ScreenshotTools (540)
[2026.09.05-05.14.07:898][  0]LogModuleManager: Shutting down and abandoning module CableComponent (538)
[2026.09.05-05.14.07:898][  0]LogModuleManager: Shutting down and abandoning module EditableMesh (536)
[2026.09.05-05.14.07:898][  0]LogModuleManager: Shutting down and abandoning module CustomMeshComponent (534)
[2026.09.05-05.14.07:898][  0]LogModuleManager: Shutting down and abandoning module AssetTags (532)
[2026.09.05-05.14.07:898][  0]LogModuleManager: Shutting down and abandoning module ArchVisCharacter (530)
[2026.09.05-05.14.07:898][  0]LogModuleManager: Shutting down and abandoning module AudioCapture (528)
[2026.09.05-05.14.07:898][  0]LogModuleManager: Shutting down and abandoning module AudioCaptureRtAudio (527)
[2026.09.05-05.14.07:898][  0]LogModuleManager: Shutting down and abandoning module AppleImageUtilsBlueprintSupport (524)
[2026.09.05-05.14.07:898][  0]LogModuleManager: Shutting down and abandoning module AppleImageUtils (522)
[2026.09.05-05.14.07:898][  0]LogModuleManager: Shutting down and abandoning module AndroidPermission (520)
[2026.09.05-05.14.07:898][  0]LogModuleManager: Shutting down and abandoning module ActorLayerUtilitiesEditor (518)
[2026.09.05-05.14.07:898][  0]LogModuleManager: Shutting down and abandoning module ActorLayerUtilities (516)
[2026.09.05-05.14.07:898][  0]LogModuleManager: Shutting down and abandoning module OpenImageDenoise (514)
[2026.09.05-05.14.07:898][  0]LogOpenImageDenoise: OIDN shutting down
[2026.09.05-05.14.07:898][  0]LogModuleManager: Shutting down and abandoning module MotoSynthEditor (512)
[2026.09.05-05.14.07:898][  0]LogModuleManager: Shutting down and abandoning module MotoSynth (510)
[2026.09.05-05.14.07:898][  0]LogModuleManager: Shutting down and abandoning module MeshConversion (508)
[2026.09.05-05.14.07:898][  0]LogModuleManager: Shutting down and abandoning module DynamicMesh (506)
[2026.09.05-05.14.07:898][  0]LogModuleManager: Shutting down and abandoning module GeometryAlgorithms (504)
[2026.09.05-05.14.07:898][  0]LogModuleManager: Shutting down and abandoning module GeometricObjects (502)
[2026.09.05-05.14.07:898][  0]LogModuleManager: Shutting down and abandoning module GeometryCollectionTracks (500)
[2026.09.05-05.14.07:898][  0]LogModuleManager: Shutting down and abandoning module GeometryCollectionSequencer (499)
[2026.09.05-05.14.07:900][  0]LogModuleManager: Shutting down and abandoning module GeometryCollectionEditor (496)
[2026.09.05-05.14.07:900][  0]LogModuleManager: Shutting down and abandoning module GeometryCacheTracks (494)
[2026.09.05-05.14.07:900][  0]LogModuleManager: Shutting down and abandoning module GeometryCacheStreamer (492)
[2026.09.05-05.14.07:900][  0]LogModuleManager: Shutting down and abandoning module GeometryCacheSequencer (490)
[2026.09.05-05.14.07:900][  0]LogModuleManager: Shutting down and abandoning module TemplateSequence (488)
[2026.09.05-05.14.07:900][  0]LogModuleManager: Shutting down and abandoning module MediaCompositing (486)
[2026.09.05-05.14.07:900][  0]LogModuleManager: Shutting down and abandoning module ChaosSolverEditor (484)
[2026.09.05-05.14.07:900][  0]LogModuleManager: Shutting down and abandoning module ChaosNiagara (482)
[2026.09.05-05.14.07:900][  0]LogModuleManager: Shutting down and abandoning module FractureEditor (480)
[2026.09.05-05.14.07:900][  0]LogModuleManager: Shutting down and abandoning module FieldSystemEngine (479)
[2026.09.05-05.14.07:900][  0]LogModuleManager: Shutting down and abandoning module ChaosClothEditor (476)
[2026.09.05-05.14.07:900][  0]LogModuleManager: Shutting down and abandoning module NiagaraEditorWidgets (474)
[2026.09.05-05.14.07:900][  0]LogModuleManager: Shutting down and abandoning module AutomationUtilsEditor (472)
[2026.09.05-05.14.07:900][  0]LogModuleManager: Shutting down and abandoning module AutomationUtils (470)
[2026.09.05-05.14.07:900][  0]LogModuleManager: Shutting down and abandoning module AlembicImporter (468)
[2026.09.05-05.14.07:900][  0]LogModuleManager: Shutting down and abandoning module AlembicLibrary (467)
[2026.09.05-05.14.07:900][  0]LogModuleManager: Shutting down and abandoning module GeometryCache (466)
[2026.09.05-05.14.07:900][  0]LogModuleManager: Shutting down and abandoning module GeometryCacheEd (465)
[2026.09.05-05.14.07:900][  0]LogModuleManager: Shutting down and abandoning module SpeedTreeImporter (460)
[2026.09.05-05.14.07:900][  0]LogModuleManager: Shutting down and abandoning module MagicLeapSharedWorld (458)
[2026.09.05-05.14.07:900][  0]LogModuleManager: Shutting down and abandoning module VariantManagerContentEditor (456)
[2026.09.05-05.14.07:900][  0]LogModuleManager: Shutting down and abandoning module MagicLeapLightEstimation (454)
[2026.09.05-05.14.07:900][  0]LogModuleManager: Shutting down and abandoning module MagicLeapHelperVulkan (452)
[2026.09.05-05.14.07:900][  0]LogModuleManager: Shutting down and abandoning module MagicLeapHelperOpenGL (450)
[2026.09.05-05.14.07:900][  0]LogModuleManager: Shutting down and abandoning module MagicLeapAudio (448)
[2026.09.05-05.14.07:900][  0]LogModuleManager: Shutting down and abandoning module MobileLauncherProfileWizard (446)
[2026.09.05-05.14.07:900][  0]LogModuleManager: Shutting down and abandoning module DatasmithContentEditor (444)
[2026.09.05-05.14.07:900][  0]LogModuleManager: Shutting down and abandoning module OodleNetworkHandlerComponent (442)
[2026.09.05-05.14.07:900][  0]LogModuleManager: Shutting down and abandoning module PluginBrowser (440)
[2026.09.05-05.14.07:900][  0]LogModuleManager: Shutting down and abandoning module MaterialAnalyzer (438)
[2026.09.05-05.14.07:900][  0]LogModuleManager: Shutting down and abandoning module EditorScriptingUtilities (436)
[2026.09.05-05.14.07:900][  0]LogModuleManager: Shutting down and abandoning module CurveEditorTools (434)
[2026.09.05-05.14.07:900][  0]LogModuleManager: Shutting down and abandoning module CryptoKeysOpenSSL (432)
[2026.09.05-05.14.07:900][  0]LogModuleManager: Shutting down and abandoning module CryptoKeys (430)
[2026.09.05-05.14.07:900][  0]LogModuleManager: Shutting down and abandoning module VisualStudioCodeSourceCodeAccess (428)
[2026.09.05-05.14.07:900][  0]LogModuleManager: Shutting down and abandoning module VisualStudioSourceCodeAccess (426)
[2026.09.05-05.14.07:900][  0]LogModuleManager: Shutting down and abandoning module UObjectPlugin (424)
[2026.09.05-05.14.07:900][  0]LogModuleManager: Shutting down and abandoning module SubversionSourceControl (422)
[2026.09.05-05.14.07:900][  0]LogModuleManager: Shutting down and abandoning module PluginUtils (420)
[2026.09.05-05.14.07:900][  0]LogModuleManager: Shutting down and abandoning module GitSourceControl (418)
[2026.09.05-05.14.07:900][  0]LogModuleManager: Shutting down and abandoning module PlasticSourceControl (416)
[2026.09.05-05.14.07:900][  0]LogModuleManager: Shutting down and abandoning module PerforceSourceControl (414)
[2026.09.05-05.14.07:900][  0]LogModuleManager: Shutting down and abandoning module SourceControl (413)
[2026.09.05-05.14.07:900][  0]LogModuleManager: Shutting down and abandoning module CLionSourceCodeAccess (410)
[2026.09.05-05.14.07:900][  0]LogModuleManager: Shutting down and abandoning module AnimationSharingEd (408)
[2026.09.05-05.14.07:900][  0]LogModuleManager: Shutting down and abandoning module LightPropagationVolumeEditor (406)
[2026.09.05-05.14.07:900][  0]LogModuleManager: Shutting down and abandoning module PaperTiledImporter (404)
[2026.09.05-05.14.07:900][  0]LogModuleManager: Shutting down and abandoning module PaperSpriteSheetImporter (402)
[2026.09.05-05.14.07:900][  0]LogModuleManager: Shutting down and abandoning module Paper2DEditor (400)
[2026.09.05-05.14.07:900][  0]LogModuleManager: Shutting down and abandoning module MeshPaintingToolset (398)
[2026.09.05-05.14.07:900][  0]LogModuleManager: Shutting down and abandoning module MeshPaintEditorMode (396)
[2026.09.05-05.14.07:900][  0]LogModuleManager: Shutting down and abandoning module SQLiteCore (394)
[2026.09.05-05.14.07:900][  0]LogModuleManager: Shutting down and abandoning module SoundFields (392)
[2026.09.05-05.14.07:900][  0]LogModuleManager: Shutting down and abandoning module RuntimePhysXCooking (390)
[2026.09.05-05.14.07:900][  0]LogModuleManager: Shutting down and abandoning module SignificanceManager (388)
[2026.09.05-05.14.07:900][  0]LogModuleManager: Shutting down and abandoning module PropertyAccessEditor (386)
[2026.09.05-05.14.07:900][  0]LogModuleManager: Shutting down and abandoning module PhysXVehiclesEditor (384)
[2026.09.05-05.14.07:900][  0]LogModuleManager: Shutting down and abandoning module LocationServicesBPLibrary (380)
[2026.09.05-05.14.07:900][  0]LogModuleManager: Shutting down and abandoning module AudioSynesthesia (378)
[2026.09.05-05.14.07:900][  0]LogModuleManager: Shutting down and abandoning module AudioSynesthesiaCore (376)
[2026.09.05-05.14.07:900][  0]LogModuleManager: Shutting down and abandoning module ApexDestructionEditor (374)
[2026.09.05-05.14.07:900][  0]LogModuleManager: Shutting down and abandoning module ApexDestruction (372)
[2026.09.05-05.14.07:900][  0]LogModuleManager: Shutting down and abandoning module PythonScriptPlugin (370)
[2026.09.05-05.14.07:901][  0]LogModuleManager: Shutting down and abandoning module UdpMessaging (368)
[2026.09.05-05.14.07:901][  0]LogModuleManager: Shutting down and abandoning module ActorSequence (366)
[2026.09.05-05.14.07:901][  0]LogModuleManager: Shutting down and abandoning module TcpMessaging (364)
[2026.09.05-05.14.07:901][  0]LogModuleManager: Shutting down and abandoning module NiagaraAnimNotifies (362)
[2026.09.05-05.14.07:901][  0]LogModuleManager: Shutting down and abandoning module Niagara (360)
[2026.09.05-05.14.07:901][  0]LogModuleManager: Shutting down and abandoning module SignalProcessing (359)
[2026.09.05-05.14.07:901][  0]LogModuleManager: Shutting down and abandoning module NiagaraEditor (357)
[2026.09.05-05.14.07:901][  0]LogModuleManager: Shutting down and abandoning module NiagaraCore (354)
[2026.09.05-05.14.07:901][  0]LogModuleManager: Shutting down and abandoning module MagicLeapARPin (352)
[2026.09.05-05.14.07:901][  0]LogModuleManager: Shutting down and abandoning module MagicLeapHandMeshing (350)
[2026.09.05-05.14.07:901][  0]LogModuleManager: Shutting down and abandoning module MagicLeapSecureStorage (348)
[2026.09.05-05.14.07:901][  0]LogModuleManager: Shutting down and abandoning module MagicLeapPrivileges (346)
[2026.09.05-05.14.07:901][  0]LogModuleManager: Shutting down and abandoning module MagicLeapPlanes (344)
[2026.09.05-05.14.07:901][  0]LogMagicLeapPlanes: Planes tracker already destroyed.
[2026.09.05-05.14.07:901][  0]LogModuleManager: Shutting down and abandoning module MagicLeapImageTracker (342)
[2026.09.05-05.14.07:901][  0]LogModuleManager: Shutting down and abandoning module MagicLeapIdentity (340)
[2026.09.05-05.14.07:901][  0]LogModuleManager: Shutting down and abandoning module MagicLeapHandTracking (338)
[2026.09.05-05.14.07:901][  0]LogModuleManager: Shutting down and abandoning module MagicLeapEyeTracker (336)
[2026.09.05-05.14.07:901][  0]LogModuleManager: Shutting down and abandoning module MagicLeapController (334)
[2026.09.05-05.14.07:901][  0]LogModuleManager: Shutting down and abandoning module MagicLeapARPinImpl (332)
[2026.09.05-05.14.07:901][  0]LogModuleManager: Shutting down and abandoning module MagicLeapAR (330)
[2026.09.05-05.14.07:901][  0]LogModuleManager: Shutting down and abandoning module AugmentedReality (329)
[2026.09.05-05.14.07:901][  0]LogModuleManager: Shutting down and abandoning module FacialAnimationEditor (326)
[2026.09.05-05.14.07:901][  0]LogModuleManager: Shutting down and abandoning module FacialAnimation (324)
[2026.09.05-05.14.07:901][  0]LogModuleManager: Shutting down and abandoning module GameplayTagsEditor (322)
[2026.09.05-05.14.07:901][  0]LogModuleManager: Shutting down and abandoning module DataValidation (320)
[2026.09.05-05.14.07:901][  0]LogModuleManager: Shutting down and abandoning module AssetManagerEditor (318)
[2026.09.05-05.14.07:901][  0]LogModuleManager: Shutting down and abandoning module TreeMap (317)
[2026.09.05-05.14.07:901][  0]LogModuleManager: Shutting down and abandoning module PropertyAccessNode (314)
[2026.09.05-05.14.07:901][  0]LogModuleManager: Shutting down and abandoning module AnimationSharing (312)
[2026.09.05-05.14.07:901][  0]LogModuleManager: Shutting down and abandoning module LightPropagationVolumeRuntime (310)
[2026.09.05-05.14.07:901][  0]LogModuleManager: Shutting down and abandoning module EnvironmentQueryEditor (308)
[2026.09.05-05.14.07:901][  0]LogModuleManager: Shutting down and abandoning module GameplayCameras (306)
[2026.09.05-05.14.07:901][  0]LogModuleManager: Shutting down and abandoning module Paper2D (304)
[2026.09.05-05.14.07:901][  0]LogModuleManager: Shutting down and abandoning module NetworkReplayStreaming (302)
[2026.09.05-05.14.07:901][  0]LogModuleManager: Shutting down and abandoning module PacketHandler (300)
[2026.09.05-05.14.07:901][  0]LogModuleManager: Shutting down and abandoning module ClothingSystemEditor (298)
[2026.09.05-05.14.07:901][  0]LogModuleManager: Shutting down and abandoning module ClothingSystemRuntimeNv (296)
[2026.09.05-05.14.07:901][  0]LogModuleManager: Shutting down and abandoning module MediaAssets (294)
[2026.09.05-05.14.07:901][  0]LogModuleManager: Shutting down and abandoning module Overlay (292)
[2026.09.05-05.14.07:901][  0]LogModuleManager: Shutting down and abandoning module OverlayEditor (291)
[2026.09.05-05.14.07:901][  0]LogModuleManager: Shutting down and abandoning module Blutility (288)
[2026.09.05-05.14.07:901][  0]LogModuleManager: Shutting down and abandoning module LevelEditor (287)
[2026.09.05-05.14.07:903][  0]LogModuleManager: Shutting down and abandoning module PixelInspectorModule (286)
[2026.09.05-05.14.07:903][  0]LogModuleManager: Shutting down and abandoning module CommonMenuExtensions (284)
[2026.09.05-05.14.07:903][  0]LogModuleManager: Shutting down and abandoning module MainFrame (282)
[2026.09.05-05.14.07:903][  0]LogModuleManager: Shutting down and abandoning module HotReload (281)
[2026.09.05-05.14.07:903][  0]LogModuleManager: Shutting down and abandoning module ContentBrowser (277)
[2026.09.05-05.14.07:903][  0]LogModuleManager: Shutting down and abandoning module CollectionManager (276)
[2026.09.05-05.14.07:903][  0]LogModuleManager: Shutting down and abandoning module ContentBrowserData (274)
[2026.09.05-05.14.07:903][  0]LogModuleManager: Shutting down and abandoning module IntroTutorials (270)
[2026.09.05-05.14.07:903][  0]LogModuleManager: Shutting down and abandoning module VREditor (268)
[2026.09.05-05.14.07:903][  0]LogModuleManager: Shutting down and abandoning module StringTableEditor (266)
[2026.09.05-05.14.07:903][  0]LogModuleManager: Shutting down and abandoning module GameplayTasksEditor (264)
[2026.09.05-05.14.07:903][  0]LogModuleManager: Shutting down and abandoning module BehaviorTreeEditor (262)
[2026.09.05-05.14.07:903][  0]LogModuleManager: Shutting down and abandoning module FunctionalTesting (260)
[2026.09.05-05.14.07:903][  0]LogModuleManager: Shutting down and abandoning module CollisionAnalyzer (258)
[2026.09.05-05.14.07:903][  0]LogModuleManager: Shutting down and abandoning module WorkspaceMenuStructure (257)
[2026.09.05-05.14.07:903][  0]LogModuleManager: Shutting down and abandoning module UMG (254)
[2026.09.05-05.14.07:903][  0]LogModuleManager: Shutting down and abandoning module UMGEditor (253)
[2026.09.05-05.14.07:904][  0]LogModuleManager: Shutting down and abandoning module MessageLog (251)
[2026.09.05-05.14.07:904][  0]LogModuleManager: Shutting down and abandoning module SlateReflector (246)
[2026.09.05-05.14.07:904][  0]LogModuleManager: Shutting down and abandoning module Slate (244)
[2026.09.05-05.14.07:904][  0]LogModuleManager: Shutting down and abandoning module SlateCore (242)
[2026.09.05-05.14.07:904][  0]LogModuleManager: Shutting down and abandoning module LandscapeEditorUtilities (240)
[2026.09.05-05.14.07:904][  0]LogModuleManager: Shutting down and abandoning module UnrealEd (238)
[2026.09.05-05.14.07:904][  0]LogModuleManager: Shutting down and abandoning module MRMesh (236)
[2026.09.05-05.14.07:904][  0]LogModuleManager: Shutting down and abandoning module SourceCodeAccess (234)
[2026.09.05-05.14.07:904][  0]LogModuleManager: Shutting down and abandoning module HeadMountedDisplay (232)
[2026.09.05-05.14.07:904][  0]LogModuleManager: Shutting down and abandoning module XAudio2 (230)
[2026.09.05-05.14.07:904][  0]LogModuleManager: Shutting down and abandoning module Networking (228)
[2026.09.05-05.14.07:904][  0]LogModuleManager: Shutting down and abandoning module Core (226)
[2026.09.05-05.14.07:904][  0]LogModuleManager: Shutting down and abandoning module MaterialEditor (224)
[2026.09.05-05.14.07:904][  0]LogModuleManager: Shutting down and abandoning module Settings (223)
[2026.09.05-05.14.07:904][  0]LogModuleManager: Shutting down and abandoning module MovieSceneTools (220)
[2026.09.05-05.14.07:904][  0]LogModuleManager: Shutting down and abandoning module CurveEditor (219)
[2026.09.05-05.14.07:904][  0]LogModuleManager: Shutting down and abandoning module Sequencer (217)
[2026.09.05-05.14.07:904][  0]LogModuleManager: Shutting down and abandoning module EditorStyle (216)
[2026.09.05-05.14.07:905][  0]LogModuleManager: Shutting down and abandoning module KismetCompiler (212)
[2026.09.05-05.14.07:905][  0]LogModuleManager: Shutting down and abandoning module MeshBuilder (210)
[2026.09.05-05.14.07:905][  0]LogModuleManager: Shutting down and abandoning module MeshUtilities (208)
[2026.09.05-05.14.07:905][  0]LogModuleManager: Shutting down and abandoning module MeshMergeUtilities (207)
[2026.09.05-05.14.07:905][  0]LogModuleManager: Shutting down and abandoning module MeshReductionInterface (206)
[2026.09.05-05.14.07:905][  0]LogModuleManager: Shutting down and abandoning module MeshBoneReduction (205)
[2026.09.05-05.14.07:905][  0]LogModuleManager: Shutting down and abandoning module SkeletalMeshReduction (203)
[2026.09.05-05.14.07:905][  0]LogModuleManager: Shutting down and abandoning module ProxyLODMeshReduction (201)
[2026.09.05-05.14.07:905][  0]LogModuleManager: Shutting down and abandoning module QuadricMeshReduction (199)
[2026.09.05-05.14.07:905][  0]LogModuleManager: Shutting down and abandoning module MaterialBaking (195)
[2026.09.05-05.14.07:905][  0]LogModuleManager: Shutting down and abandoning module DirectoryWatcher (191)
[2026.09.05-05.14.07:905][  0]LogModuleManager: Shutting down and abandoning module NullInstallBundleManager (188)
[2026.09.05-05.14.07:905][  0]LogModuleManager: Shutting down and abandoning module DerivedDataCache (186)
[2026.09.05-05.14.07:905][  0]LogModuleManager: Shutting down and abandoning module TargetPlatform (184)
[2026.09.05-05.14.07:905][  0]LogModuleManager: Shutting down and abandoning module VulkanShaderFormat (183)
[2026.09.05-05.14.07:905][  0]LogModuleManager: Shutting down and abandoning module ShaderFormatVectorVM (181)
[2026.09.05-05.14.07:905][  0]LogModuleManager: Shutting down and abandoning module ShaderFormatOpenGL (179)
[2026.09.05-05.14.07:905][  0]LogModuleManager: Shutting down and abandoning module ShaderFormatD3D (177)
[2026.09.05-05.14.07:905][  0]LogModuleManager: Shutting down and abandoning module MetalShaderFormat (175)
[2026.09.05-05.14.07:905][  0]LogModuleManager: Shutting down and abandoning module TextureFormatOodle (173)
[2026.09.05-05.14.07:905][  0]LogModuleManager: Shutting down and abandoning module TextureFormatUncompressed (171)
[2026.09.05-05.14.07:905][  0]LogModuleManager: Shutting down and abandoning module TextureFormatPVR (169)
[2026.09.05-05.14.07:905][  0]LogModuleManager: Shutting down and abandoning module TextureFormatETC2 (167)
[2026.09.05-05.14.07:905][  0]LogModuleManager: Shutting down and abandoning module TextureFormatDXT (165)
[2026.09.05-05.14.07:905][  0]LogModuleManager: Shutting down and abandoning module TextureFormatIntelISPCTexComp (163)
[2026.09.05-05.14.07:906][  0]LogModuleManager: Shutting down and abandoning module TextureFormatASTC (161)
[2026.09.05-05.14.07:906][  0]LogModuleManager: Shutting down and abandoning module ImageWrapper (160)
[2026.09.05-05.14.07:906][  0]LogModuleManager: Shutting down and abandoning module AudioFormatOpus (157)
[2026.09.05-05.14.07:906][  0]LogModuleManager: Shutting down and abandoning module AudioFormatOgg (155)
[2026.09.05-05.14.07:906][  0]LogModuleManager: Shutting down and abandoning module AudioFormatADPCM (153)
[2026.09.05-05.14.07:906][  0]LogModuleManager: Shutting down and abandoning module WindowsServerTargetPlatform (151)
[2026.09.05-05.14.07:906][  0]LogModuleManager: Shutting down and abandoning module WindowsClientTargetPlatform (149)
[2026.09.05-05.14.07:906][  0]LogModuleManager: Shutting down and abandoning module WindowsTargetPlatform (147)
[2026.09.05-05.14.07:906][  0]LogModuleManager: Shutting down and abandoning module WindowsNoEditorTargetPlatform (145)
[2026.09.05-05.14.07:906][  0]LogModuleManager: Shutting down and abandoning module TVOSTargetPlatform (143)
[2026.09.05-05.14.07:906][  0]LogModuleManager: Shutting down and abandoning module MacServerTargetPlatform (141)
[2026.09.05-05.14.07:906][  0]LogModuleManager: Shutting down and abandoning module MacClientTargetPlatform (139)
[2026.09.05-05.14.07:906][  0]LogModuleManager: Shutting down and abandoning module MacTargetPlatform (137)
[2026.09.05-05.14.07:906][  0]LogModuleManager: Shutting down and abandoning module MacNoEditorTargetPlatform (135)
[2026.09.05-05.14.07:906][  0]LogModuleManager: Shutting down and abandoning module LuminTargetPlatform (133)
[2026.09.05-05.14.07:906][  0]LogModuleManager: Shutting down and abandoning module LinuxAArch64ServerTargetPlatform (131)
[2026.09.05-05.14.07:906][  0]LogModuleManager: Shutting down and abandoning module LinuxAArch64ClientTargetPlatform (129)
[2026.09.05-05.14.07:906][  0]LogModuleManager: Shutting down and abandoning module LinuxAArch64NoEditorTargetPlatform (127)
[2026.09.05-05.14.07:906][  0]LogModuleManager: Shutting down and abandoning module LinuxServerTargetPlatform (125)
[2026.09.05-05.14.07:906][  0]LogModuleManager: Shutting down and abandoning module LinuxClientTargetPlatform (123)
[2026.09.05-05.14.07:906][  0]LogModuleManager: Shutting down and abandoning module LinuxNoEditorTargetPlatform (121)
[2026.09.05-05.14.07:906][  0]LogModuleManager: Shutting down and abandoning module LinuxTargetPlatform (119)
[2026.09.05-05.14.07:906][  0]LogModuleManager: Shutting down and abandoning module Messaging (117)
[2026.09.05-05.14.07:906][  0]LogModuleManager: Shutting down and abandoning module IOSTargetPlatform (115)
[2026.09.05-05.14.07:906][  0]LogModuleManager: Shutting down and abandoning module AndroidTargetPlatform (113)
[2026.09.05-05.14.07:908][  0]LogModuleManager: Shutting down and abandoning module AllDesktopTargetPlatform (111)
[2026.09.05-05.14.07:908][  0]LogModuleManager: Shutting down and abandoning module NullDrv (108)
[2026.09.05-05.14.07:908][  0]LogModuleManager: Shutting down and abandoning module PhysXCooking (106)
[2026.09.05-05.14.07:908][  0]LogModuleManager: Shutting down and abandoning module Chaos (104)
[2026.09.05-05.14.07:908][  0]LogModuleManager: Shutting down and abandoning module WindowsPlatformFeatures (102)
[2026.09.05-05.14.07:908][  0]LogModuleManager: Shutting down and abandoning module GameplayMediaEncoder (101)
[2026.09.05-05.14.07:908][  0]LogModuleManager: Shutting down and abandoning module AVEncoder (100)
[2026.09.05-05.14.07:908][  0]LogModuleManager: Shutting down and abandoning module ExampleDeviceProfileSelector (96)
[2026.09.05-05.14.07:908][  0]LogModuleManager: Shutting down and abandoning module OnlineBlueprintSupport (94)
[2026.09.05-05.14.07:908][  0]LogModuleManager: Shutting down and abandoning module OnlineSubsystem (90)
[2026.09.05-05.14.07:909][  0]LogModuleManager: Shutting down and abandoning module XMPP (85)
[2026.09.05-05.14.07:909][  0]LogModuleManager: Shutting down and abandoning module WebSockets (84)
[2026.09.05-05.14.07:939][  0]LogModuleManager: Shutting down and abandoning module HTTP (81)
[2026.09.05-05.14.07:939][  0]LogHttp: Display: cleaning up 0 outstanding Http requests.
[2026.09.05-05.14.07:950][  0]LogModuleManager: Shutting down and abandoning module SSL (80)
[2026.09.05-05.14.07:951][  0]LogModuleManager: Shutting down and abandoning module ChunkDownloader (76)
[2026.09.05-05.14.07:951][  0]LogModuleManager: Shutting down and abandoning module LauncherChunkInstaller (74)
[2026.09.05-05.14.07:951][  0]LogModuleManager: Shutting down and abandoning module WmfMedia (72)
[2026.09.05-05.14.07:954][  0]LogModuleManager: Shutting down and abandoning module Media (71)
[2026.09.05-05.14.07:954][  0]LogModuleManager: Shutting down and abandoning module MediaInfo (70)
[2026.09.05-05.14.07:954][  0]LogModuleManager: Shutting down and abandoning module ExrReaderGpu (66)
[2026.09.05-05.14.07:954][  0]LogModuleManager: Shutting down and abandoning module NiagaraVertexFactories (64)
[2026.09.05-05.14.07:954][  0]LogModuleManager: Shutting down and abandoning module NiagaraShader (62)
[2026.09.05-05.14.07:954][  0]LogModuleManager: Shutting down and abandoning module ChaosCloth (60)
[2026.09.05-05.14.07:954][  0]LogModuleManager: Shutting down and abandoning module MLSDK (58)
[2026.09.05-05.14.07:954][  0]LogModuleManager: Shutting down and abandoning module VariantManagerContent (56)
[2026.09.05-05.14.07:954][  0]LogModuleManager: Shutting down and abandoning module MagicLeap (54)
[2026.09.05-05.14.07:954][  0]LogModuleManager: Shutting down and abandoning module DatasmithContent (52)
[2026.09.05-05.14.07:954][  0]LogModuleManager: Shutting down and abandoning module PixWinPlugin (50)
[2026.09.05-05.14.07:954][  0]LogModuleManager: Shutting down and abandoning module AISupportModule (48)
[2026.09.05-05.14.07:954][  0]LogModuleManager: Shutting down and abandoning module PythonScriptPluginPreload (46)
[2026.09.05-05.14.07:955][  0]LogModuleManager: Shutting down and abandoning module PlatformCryptoOpenSSL (44)
[2026.09.05-05.14.07:955][  0]LogModuleManager: Shutting down and abandoning module PlatformCryptoTypes (42)
[2026.09.05-05.14.07:955][  0]LogModuleManager: Shutting down and abandoning module PlatformCrypto (40)
[2026.09.05-05.14.07:955][  0]LogModuleManager: Shutting down and abandoning module OodleDataCompressionFormat (38)
[2026.09.05-05.14.07:955][  0]LogModuleManager: Shutting down and abandoning module XGEController (36)
[2026.09.05-05.14.07:955][  0]LogXGEController: Cleaning working directory: C:/Users/adace/UnrealXGEWorkingDir/
[2026.09.05-05.14.07:955][  0]LogModuleManager: Shutting down and abandoning module AnimationModifiers (34)
[2026.09.05-05.14.07:955][  0]LogModuleManager: Shutting down and abandoning module AudioEditor (32)
[2026.09.05-05.14.07:955][  0]LogModuleManager: Shutting down and abandoning module PropertyEditor (31)
[2026.09.05-05.14.07:955][  0]LogModuleManager: Shutting down and abandoning module TextureCompressor (28)
[2026.09.05-05.14.07:955][  0]LogModuleManager: Shutting down and abandoning module RenderCore (26)
[2026.09.05-05.14.07:955][  0]LogModuleManager: Shutting down and abandoning module Landscape (24)
[2026.09.05-05.14.07:955][  0]LogModuleManager: Shutting down and abandoning module SlateRHIRenderer (22)
[2026.09.05-05.14.07:955][  0]LogModuleManager: Shutting down and abandoning module AnimGraphRuntime (20)
[2026.09.05-05.14.07:955][  0]LogModuleManager: Shutting down and abandoning module Renderer (18)
[2026.09.05-05.14.07:955][  0]LogModuleManager: Shutting down and abandoning module Engine (16)
[2026.09.05-05.14.07:955][  0]LogModuleManager: Shutting down and abandoning module CoreUObject (14)
[2026.09.05-05.14.07:955][  0]LogModuleManager: Shutting down and abandoning module NetworkFile (12)
[2026.09.05-05.14.07:955][  0]LogModuleManager: Shutting down and abandoning module CookedIterativeFile (10)
[2026.09.05-05.14.07:955][  0]LogModuleManager: Shutting down and abandoning module StreamingFile (8)
[2026.09.05-05.14.07:955][  0]LogModuleManager: Shutting down and abandoning module SandboxFile (6)
[2026.09.05-05.14.07:955][  0]LogModuleManager: Shutting down and abandoning module PakFile (4)
[2026.09.05-05.14.07:955][  0]LogModuleManager: Shutting down and abandoning module RSA (3)
[2026.09.05-05.14.08:233][  0]LogContentStreaming: Display: There are 1 unreleased StreamingManagers
[2026.09.05-05.14.08:248][  0]LogExit: Exiting.
[2026.09.05-05.14.08:263][  0]Log file closed, 09/05/26 14:44:08
